book,teach_unit,set,type,item,recycled_at
A1.1,1,L1,w,name,U1P11 U1P10 U5P12 U10P2
A1.1,1,L1,w,country,U1P8 U1P5 U6P12 U9P10
A1.1,1,L1,w,city,U1P10 U1P11 U4P12 U9P5
A1.1,1,L1,w,student,U1P10 U1P5 U3P12 U8P2
A1.1,1,L1,w,teacher,U1P8 U1P10 U4P12 U5P9
A1.1,1,L1,w,class,U1P11 U1P5 U3P12 U5P2
A1.1,1,L1,w,friend,U1P4 U1P5 U7P12 U8P2
A1.1,1,L1,w,man,U1P8 U1P11 U4P12 U9P10
A1.1,1,L1,w,woman,U1P11 U1P5 U2P12 U9P2
A1.1,1,L1,w,people,U1P5 U1P3 U3P12 U10P2
A1.1,1,L1,w,Portuguese,U1P5 U1P10 U5P12 U6P2
A1.1,1,L1,w,Brazilian,U1P5 U1P8 U2P12 U8P2
A1.1,1,L1,w,Egyptian,U1P11 U1P4 U3P12 U8P5
A1.1,1,L1,w,Korean,U1P10 U1P3 U8P12 U9P10
A1.1,1,L1,w,Nigerian,U1P8 U1P10 U3P12 U5P10
A1.1,1,L1,w,Polish,U1P8 U1P4 U6P12 U9P10
A1.1,1,L1,w,address,U1P5 U1P11 U2P12 U9P10
A1.1,1,L1,w,email,U1P3 U1P5 U3P12 U4P9
A1.1,1,L1,c,first name,U1P10 U1P4 U2P12 U6P9
A1.1,1,L1,c,family name,U1P4 U1P3 U3P12 U4P10
A1.1,1,L1,c,Where are you from?,U1P10 U1P8 U2P12 U7P9
A1.1,1,L1,c,This is my friend,U1P10 U1P3 U7P12 U10P5
A1.1,1,L2,w,zero,U1P3 U1P10 U4P12 U5P9
A1.1,1,L2,w,one,U1P10 U1P4 U3P12 U6P10
A1.1,1,L2,w,two,U1P4 U1P10 U4P12 U6P5
A1.1,1,L2,w,three,U1P3 U1P5 U5P12 U9P5
A1.1,1,L2,w,ten,U1P5 U1P3 U2P12 U9P2
A1.1,1,L2,w,twelve,U1P10 U1P3 U7P12 U8P2
A1.1,1,L2,w,twenty,U1P8 U1P11 U4P12 U5P9
A1.1,1,L2,w,thirty,U1P5 U1P3 U2P12 U5P5
A1.1,1,L2,w,forty,U1P5 U1P4 U5P12 U10P2
A1.1,1,L2,w,fifty,U1P3 U1P10 U7P12 U10P5
A1.1,1,L2,w,a hundred,U1P10 U1P3 U7P12 U8P5
A1.1,1,L2,c,phone number,U1P11 U1P8 U2P12 U5P5
A1.1,1,L2,f,How do you spell it?,U1P5 U1P3 U3P12 U10P5
A1.1,2,L1,w,wash,U2P8 U2P4 U9P12 U10P10
A1.1,2,L1,w,brush,U2P10 U2P5 U5P12 U7P9
A1.1,2,L1,w,eat,U2P4 U2P10 U9P12 U10P2
A1.1,2,L1,w,drink,U2P5 U2P10 U4P12 U6P2
A1.1,2,L1,w,work,U2P10 U2P3 U8P12 U9P2
A1.1,2,L1,w,study,U2P3 U2P5 U8P12 U9P9
A1.1,2,L1,w,sleep,U2P11 U2P10 U3P12 U8P5
A1.1,2,L1,w,tired,U2P8 U2P5 U3P12 U10P9
A1.1,2,L1,w,hungry,U2P10 U2P11 U8P12 U10P5
A1.1,2,L1,w,thirsty,U2P4 U2P10 U7P12 U8P10
A1.1,2,L1,w,happy,U2P5 U2P11 U6P12 U9P5
A1.1,2,L1,w,head,U2P4 U2P3 U4P12 U5P10
A1.1,2,L1,w,hand,U2P3 U2P10 U4P12 U9P2
A1.1,2,L1,w,arm,U2P5 U2P3 U3P12 U8P9
A1.1,2,L1,w,leg,U2P4 U2P11 U3P12 U9P2
A1.1,2,L1,w,back,U2P10 U2P5 U3P12 U7P2
A1.1,2,L1,w,eye,U2P5 U2P11 U3P12 U5P9
A1.1,2,L1,p,wake up,U2P11 U2P8 U8P12 U9P10
A1.1,2,L1,p,get up,U2P8 U2P3 U3P12 U9P10
A1.1,2,L1,c,have breakfast,U2P5 U2P4 U5P12 U8P9
A1.1,2,L1,c,go to bed,U2P4 U2P11 U5P12 U6P5
A1.1,2,L1,c,feel well,U2P8 U2P10 U6P12 U7P10
A1.1,2,L2,w,Monday,U2P3 U2P4 U3P12 U5P5
A1.1,2,L2,w,Tuesday,U2P11 U2P4 U3P12 U6P2
A1.1,2,L2,w,Wednesday,U2P10 U2P8 U6P12 U9P2
A1.1,2,L2,w,Saturday,U2P3 U2P5 U6P12 U9P10
A1.1,2,L2,w,Sunday,U2P5 U2P4 U8P12 U9P9
A1.1,2,L2,w,morning,U2P11 U2P10 U6P12 U7P10
A1.1,2,L2,w,afternoon,U2P5 U2P11 U4P12 U9P5
A1.1,2,L2,w,evening,U2P5 U2P4 U5P12 U10P5
A1.1,2,L2,w,night,U2P10 U2P4 U6P12 U9P10
A1.1,2,L2,w,o'clock,U2P5 U2P8 U5P12 U6P10
A1.1,2,L2,c,half past,U2P10 U2P11 U3P12 U4P9
A1.1,2,L2,c,every day,U2P8 U2P10 U5P12 U9P5
A1.1,2,L2,f,What time is it?,U2P11 U2P10 U4P12 U8P5
A1.1,3,L1,w,phone,U3P5 U3P3 U5P12 U7P10
A1.1,3,L1,w,screen,U3P5 U3P11 U7P12 U10P5
A1.1,3,L1,w,app,U3P11 U3P3 U7P12 U8P2
A1.1,3,L1,w,message,U3P8 U3P5 U5P12 U6P9
A1.1,3,L1,w,photo,U3P5 U3P4 U4P12 U10P9
A1.1,3,L1,w,video,U3P4 U3P5 U4P12 U9P9
A1.1,3,L1,w,battery,U3P10 U3P8 U4P12 U8P10
A1.1,3,L1,w,charger,U3P5 U3P4 U9P12 U10P10
A1.1,3,L1,w,password,U3P5 U3P11 U4P12 U10P2
A1.1,3,L1,w,internet,U3P5 U3P8 U4P12 U8P9
A1.1,3,L1,w,online,U3P4 U3P10 U9P12 U10P2
A1.1,3,L1,w,notification,U3P5 U3P4 U9P12 U10P5
A1.1,3,L1,w,map,U3P4 U3P8 U5P12 U9P2
A1.1,3,L1,w,camera,U3P4 U3P8 U7P12 U9P5
A1.1,3,L1,p,turn on,U3P10 U3P8 U6P12 U9P2
A1.1,3,L1,p,turn off,U3P11 U3P4 U8P12 U10P10
A1.1,3,L1,p,log in,U3P8 U3P5 U8P12 U9P2
A1.1,3,L1,c,send a message,U3P3 U3P8 U6P12 U8P5
A1.1,3,L1,c,take a photo,U3P5 U3P3 U5P12 U10P9
A1.1,3,L1,c,check your phone,U3P4 U3P11 U5P12 U10P2
A1.1,3,L1,c,open an app,U3P5 U3P10 U6P12 U9P10
A1.1,3,L1,c,charge the battery,U3P10 U3P8 U4P12 U10P10
A1.1,3,L2,w,what,U3P11 U3P5 U8P12 U10P5
A1.1,3,L2,w,where,U3P11 U3P8 U6P12 U10P2
A1.1,3,L2,w,when,U3P3 U3P5 U6P12 U7P5
A1.1,3,L2,w,who,U3P5 U3P3 U5P12 U6P9
A1.1,3,L2,w,why,U3P3 U3P5 U4P12 U9P2
A1.1,3,L2,w,how,U3P11 U3P4 U5P12 U8P10
A1.1,3,L2,w,which,U3P10 U3P3 U6P12 U10P5
A1.1,3,L2,c,how many,U3P4 U3P3 U9P12 U10P10
A1.1,3,L2,c,how much,U3P5 U3P8 U9P12 U10P10
A1.1,3,L2,c,how often,U3P4 U3P8 U7P12 U10P9
A1.1,3,L2,c,How do you say…?,U3P8 U3P5 U6P12 U7P10
A1.1,3,L2,c,What does it mean?,U3P8 U3P4 U7P12 U9P9
A1.1,3,L2,f,I don't understand.,U3P11 U3P3 U7P12 U9P2
A1.1,4,L1,w,rule,U4P11 U4P3 U6P12 U9P5
A1.1,4,L1,w,sign,U4P10 U4P8 U6P12 U9P5
A1.1,4,L1,w,open,U4P4 U4P3 U5P12 U8P2
A1.1,4,L1,w,closed,U4P10 U4P5 U5P12 U6P5
A1.1,4,L1,w,quiet,U4P11 U4P3 U5P12 U10P2
A1.1,4,L1,w,allowed,U4P8 U4P3 U7P12 U8P5
A1.1,4,L1,w,forbidden,U4P3 U4P11 U5P12 U9P10
A1.1,4,L1,w,entrance,U4P4 U4P10 U9P12 U10P9
A1.1,4,L1,w,exit,U4P5 U4P8 U6P12 U8P10
A1.1,4,L1,w,lift,U4P5 U4P3 U5P12 U7P2
A1.1,4,L1,w,stairs,U4P11 U4P3 U5P12 U6P5
A1.1,4,L1,w,toilet,U4P3 U4P4 U8P12 U10P2
A1.1,4,L1,w,smoking,U4P11 U4P10 U5P12 U9P2
A1.1,4,L1,w,corridor,U4P8 U4P11 U6P12 U10P9
A1.1,4,L1,c,No smoking,U4P11 U4P4 U6P12 U7P2
A1.1,4,L1,c,Please be quiet,U4P8 U4P5 U6P12 U9P2
A1.1,4,L1,c,Keep right,U4P8 U4P11 U8P12 U10P2
A1.1,4,L1,c,Out of order,U4P5 U4P11 U5P12 U7P10
A1.1,4,L1,c,Push / Pull,U4P3 U4P8 U5P12 U6P10
A1.1,4,L1,c,Mind the step,U4P4 U4P11 U6P12 U9P10
A1.1,4,L1,p,put away,U4P3 U4P5 U8P12 U10P10
A1.1,4,L1,p,take off,U4P10 U4P11 U5P12 U10P2
A1.1,4,L2,w,please,U4P11 U4P4 U7P12 U8P10
A1.1,4,L2,w,sorry,U4P8 U4P3 U5P12 U10P9
A1.1,4,L2,c,excuse me,U4P4 U4P5 U8P12 U9P5
A1.1,4,L2,c,thank you,U4P10 U4P8 U7P12 U10P2
A1.1,4,L2,c,Can I…?,U4P11 U4P3 U6P12 U9P2
A1.1,4,L2,c,Could you…?,U4P10 U4P3 U6P12 U7P5
A1.1,4,L2,c,Is it OK if…?,U4P10 U4P8 U6P12 U10P2
A1.1,4,L2,c,Here you are.,U4P3 U4P10 U5P12 U9P9
A1.1,4,L2,c,Of course.,U4P3 U4P8 U6P12 U10P5
A1.1,4,L2,c,Just a moment.,U4P3 U4P11 U6P12 U10P10
A1.1,4,L2,f,No problem.,U4P11 U4P5 U5P12 U8P5
A1.1,4,L2,f,"I'm sorry, I can't.",U4P5 U4P11 U5P12 U6P2
A1.1,4,L2,f,Thanks a lot.,U4P3 U4P10 U9P12 U10P5
A1.1,5,L1,w,classroom,U5P3 U5P4 U8P12 U10P2
A1.1,5,L1,w,desk,U5P4 U5P5 U6P12 U7P5
A1.1,5,L1,w,chair,U5P8 U5P5 U6P12 U10P10
A1.1,5,L1,w,board,U5P8 U5P10 U6P12 U8P2
A1.1,5,L1,w,pen,U5P3 U5P5 U7P12 U10P9
A1.1,5,L1,w,pencil,U5P4 U5P3 U7P12 U8P5
A1.1,5,L1,w,notebook,U5P5 U5P8 U7P12 U8P10
A1.1,5,L1,w,dictionary,U5P10 U5P4 U7P12 U9P10
A1.1,5,L1,w,page,U5P11 U5P5 U7P12 U8P10
A1.1,5,L1,w,word,U5P5 U5P11 U6P12 U7P10
A1.1,5,L1,w,sentence,U5P10 U5P8 U8P12 U10P10
A1.1,5,L1,w,question,U5P4 U5P3 U8P12 U9P10
A1.1,5,L1,w,answer,U5P4 U5P5 U7P12 U8P5
A1.1,5,L1,w,homework,U5P3 U5P10 U7P12 U8P2
A1.1,5,L1,w,exercise,U5P5 U5P4 U9P12 U10P5
A1.1,5,L1,w,listen,U5P4 U5P8 U9P12 U10P2
A1.1,5,L1,w,repeat,U5P5 U5P11 U9P12 U10P9
A1.1,5,L1,w,write,U5P5 U5P4 U6P12 U8P5
A1.1,5,L1,w,read,U5P11 U5P10 U8P12 U10P10
A1.1,5,L1,c,look up a word,U5P11 U5P3 U9P12 U10P2
A1.1,5,L1,c,do your homework,U5P3 U5P11 U6P12 U9P9
A1.1,5,L1,c,ask a question,U5P11 U5P3 U8P12 U10P5
A1.1,5,L2,w,books,U5P10 U5P4 U7P12 U9P10
A1.1,5,L2,w,boxes,U5P10 U5P8 U7P12 U10P5
A1.1,5,L2,w,children,U5P10 U5P11 U7P12 U10P9
A1.1,5,L2,w,men,U5P10 U5P4 U9P12 U10P10
A1.1,5,L2,w,women,U5P10 U5P5 U6P12 U9P10
A1.1,5,L2,w,countries,U5P11 U5P3 U6P12 U9P9
A1.1,5,L2,w,classes,U5P8 U5P4 U7P12 U9P10
A1.1,5,L2,w,watches,U5P5 U5P8 U8P12 U10P5
A1.1,5,L2,w,cities,U5P5 U5P11 U7P12 U10P10
A1.1,5,L2,w,knives,U5P10 U5P8 U6P12 U7P2
A1.1,5,L2,w,shelves,U5P8 U5P11 U8P12 U9P9
A1.1,5,L2,c,a lot of,U5P10 U5P5 U6P12 U8P10
A1.1,5,L2,f,How many are there?,U5P4 U5P10 U6P12 U9P5
A1.1,6,L1,w,bread,U6P5 U6P8 U7P12 U10P2
A1.1,6,L1,w,rice,U6P5 U6P8 U8P12 U9P9
A1.1,6,L1,w,cheese,U6P3 U6P8 U8P12 U10P5
A1.1,6,L1,w,milk,U6P8 U6P5 U7P12 U9P2
A1.1,6,L1,w,egg,U6P4 U6P10 U9P12 U10P2
A1.1,6,L1,w,apple,U6P4 U6P10 U9P12 U10P2
A1.1,6,L1,w,tomato,U6P4 U6P8 U8P12 U10P9
A1.1,6,L1,w,chicken,U6P8 U6P3 U9P12 U10P2
A1.1,6,L1,w,fish,U6P5 U6P10 U8P12 U9P9
A1.1,6,L1,w,water,U6P8 U6P11 U8P12 U10P9
A1.1,6,L1,w,tea,U6P4 U6P8 U7P12 U9P2
A1.1,6,L1,w,coffee,U6P4 U6P8 U8P12 U10P10
A1.1,6,L1,w,sugar,U6P11 U6P10 U8P12 U10P9
A1.1,6,L1,w,salt,U6P3 U6P5 U8P12 U10P5
A1.1,6,L1,w,market,U6P8 U6P3 U7P12 U10P9
A1.1,6,L1,w,shop,U6P10 U6P8 U9P12 U10P9
A1.1,6,L1,c,a loaf of bread,U6P11 U6P10 U9P12 U10P5
A1.1,6,L1,c,a bottle of water,U6P5 U6P10 U7P12 U8P9
A1.1,6,L1,c,a kilo of rice,U6P10 U6P4 U7P12 U8P2
A1.1,6,L1,c,How much is it?,U6P3 U6P8 U9P12 U10P10
A1.1,6,L1,c,a bit of,U6P11 U6P8 U9P12 U10P5
A1.1,6,L1,p,run out of,U6P11 U6P4 U9P12 U10P9
A1.1,6,L2,w,bag,U6P4 U6P5 U7P12 U8P9
A1.1,6,L2,w,box,U6P10 U6P11 U7P12 U8P10
A1.1,6,L2,w,bottle,U6P10 U6P11 U9P12 U10P10
A1.1,6,L2,w,packet,U6P3 U6P10 U8P12 U9P5
A1.1,6,L2,w,tin,U6P5 U6P4 U7P12 U10P5
A1.1,6,L2,w,jar,U6P8 U6P3 U7P12 U10P2
A1.1,6,L2,w,kilo,U6P10 U6P11 U7P12 U9P5
A1.1,6,L2,w,gram,U6P4 U6P5 U7P12 U9P2
A1.1,6,L2,w,litre,U6P10 U6P8 U8P12 U9P9
A1.1,6,L2,w,half,U6P11 U6P4 U9P12 U10P2
A1.1,6,L2,w,piece,U6P11 U6P5 U9P12 U10P9
A1.1,6,L2,w,slice,U6P8 U6P5 U8P12 U10P5
A1.1,6,L2,f,"That's all, thanks.",U6P3 U6P5 U8P12 U10P5
A1.1,7,L1,w,football,U7P5 U7P4 U8P12 U10P10
A1.1,7,L1,w,swimming,U7P3 U7P8 U8P12 U9P9
A1.1,7,L1,w,running,U7P8 U7P10 U8P12 U9P10
A1.1,7,L1,w,cycling,U7P5 U7P10 U9P12 U10P10
A1.1,7,L1,w,music,U7P11 U7P4 U8P12 U9P9
A1.1,7,L1,w,guitar,U7P11 U7P3 U8P12 U9P9
A1.1,7,L1,w,film,U7P5 U7P11 U8P12 U10P10
A1.1,7,L1,w,series,U7P11 U7P3 U8P12 U10P10
A1.1,7,L1,w,book,U7P11 U7P4 U9P12 U10P9
A1.1,7,L1,w,game,U7P11 U7P8 U8P12 U9P10
A1.1,7,L1,w,park,U7P8 U7P10 U8P12 U9P5
A1.1,7,L1,w,beach,U7P8 U7P11 U8P12 U9P5
A1.1,7,L1,w,concert,U7P3 U7P11 U9P12 U10P2
A1.1,7,L1,w,dancing,U7P4 U7P10 U9P12 U10P9
A1.1,7,L1,w,cooking,U7P8 U7P3 U9P12 U10P10
A1.1,7,L1,w,drawing,U7P3 U7P11 U8P12 U9P5
A1.1,7,L1,c,go swimming,U7P10 U7P5 U9P12 U10P10
A1.1,7,L1,c,play football,U7P4 U7P8 U8P12 U9P10
A1.1,7,L1,c,listen to music,U7P10 U7P8 U9P12 U10P2
A1.1,7,L1,c,watch a film,U7P5 U7P10 U8P12 U10P2
A1.1,7,L1,p,hang out,U7P10 U7P5 U8P12 U10P9
A1.1,7,L1,f,It's not my thing.,U7P10 U7P5 U9P12 U10P10
A1.1,7,L2,w,always,U7P8 U7P10 U8P12 U9P2
A1.1,7,L2,w,usually,U7P11 U7P10 U8P12 U9P2
A1.1,7,L2,w,often,U7P3 U7P4 U8P12 U10P5
A1.1,7,L2,w,sometimes,U7P3 U7P11 U9P12 U10P2
A1.1,7,L2,w,never,U7P5 U7P4 U8P12 U9P5
A1.1,7,L2,c,every week,U7P11 U7P5 U9P12 U10P10
A1.1,7,L2,c,once a week,U7P10 U7P8 U8P12 U10P5
A1.1,7,L2,c,twice a month,U7P3 U7P11 U9P12 U10P5
A1.1,7,L2,c,at the weekend,U7P5 U7P10 U8P12 U10P5
A1.1,7,L2,c,in my free time,U7P10 U7P4 U9P12 U10P10
A1.1,7,L2,c,most days,U7P5 U7P4 U8P12 U9P9
A1.1,7,L2,c,hardly ever,U7P8 U7P3 U9P12 U10P2
A1.1,7,L2,f,How often do you…?,U7P10 U7P11 U9P12 U10P10
A1.1,8,L1,w,job,U8P11 U8P5 U9P12 U10P10
A1.1,8,L1,w,team,U8P11 U8P3 U9P12 U10P9
A1.1,8,L1,w,office,U8P10 U8P4 U9P12 U10P2
A1.1,8,L1,w,factory,U8P8 U8P11 U9P12 U10P9
A1.1,8,L1,w,kitchen,U8P4 U8P5 U9P12 U10P9
A1.1,8,L1,w,hospital,U8P10 U8P11 U9P12 U10P2
A1.1,8,L1,w,school,U8P3 U8P11 U9P12 U10P9
A1.1,8,L1,w,nurse,U8P3 U8P11 U9P12 U10P2
A1.1,8,L1,w,driver,U8P11 U8P10 U9P12 U10P5
A1.1,8,L1,w,waiter,U8P3 U8P8 U9P12 U10P9
A1.1,8,L1,w,cook,U8P4 U8P3 U9P12 U10P5
A1.1,8,L1,w,cleaner,U8P10 U8P8 U9P12 U10P5
A1.1,8,L1,w,engineer,U8P11 U8P5 U9P12 U10P5
A1.1,8,L1,w,manager,U8P5 U8P11 U9P12 U10P10
A1.1,8,L1,w,uniform,U8P3 U8P5 U9P12 U10P5
A1.1,8,L1,w,shift,U8P4 U8P8 U9P12 U10P5
A1.1,8,L1,w,customer,U8P4 U8P10 U9P12 U10P9
A1.1,8,L1,c,work in a…,U8P3 U8P8 U9P12 U10P5
A1.1,8,L1,c,start work,U8P10 U8P3 U9P12 U10P10
A1.1,8,L1,c,finish work,U8P11 U8P10 U9P12 U10P5
A1.1,8,L1,p,take a break,U8P10 U8P11 U9P12 U10P10
A1.1,8,L1,f,What do you do?,U8P8 U8P11 U9P12 U10P10
A1.1,8,L2,c,a doctor,U8P11 U8P8 U9P12 U10P10
A1.1,8,L2,c,an engineer,U8P3 U8P5 U9P12 U10P9
A1.1,8,L2,c,an artist,U8P4 U8P10 U9P12 U10P5
A1.1,8,L2,c,a nurse,U8P11 U8P4 U9P12 U10P2
A1.1,8,L2,c,answer the phone,U8P4 U8P10 U9P12 U10P9
A1.1,8,L2,c,serve customers,U8P3 U8P8 U9P12 U10P2
A1.1,8,L2,c,clean the floor,U8P4 U8P11 U9P12 U10P9
A1.1,8,L2,c,make coffee,U8P11 U8P8 U9P12 U10P2
A1.1,8,L2,c,fix a machine,U8P5 U8P8 U9P12 U10P9
A1.1,8,L2,p,look after,U8P11 U8P10 U9P12 U10P10
A1.1,8,L2,p,come in,U8P8 U8P4 U9P12 U10P10
A1.1,8,L2,p,go out,U8P4 U8P10 U9P12 U10P5
A1.1,8,L2,f,I'm on my break.,U8P3 U8P4 U9P12 U10P10
A1.1,9,L1,w,street,U9P8 U9P10 U10P12 nextbookP12
A1.1,9,L1,w,square,U9P5 U9P3 U10P12 nextbookP12
A1.1,9,L1,w,corner,U9P8 U9P10 U10P12 nextbookP12
A1.1,9,L1,w,bridge,U9P5 U9P11 U10P12 nextbookP12
A1.1,9,L1,w,station,U9P10 U9P5 U10P12 nextbookP12
A1.1,9,L1,w,church,U9P8 U9P10 U10P12 nextbookP12
A1.1,9,L1,w,museum,U9P4 U9P10 U10P12 nextbookP12
A1.1,9,L1,w,library,U9P4 U9P3 U10P12 nextbookP12
A1.1,9,L1,w,bank,U9P8 U9P11 U10P12 nextbookP12
A1.1,9,L1,w,hotel,U9P11 U9P5 U10P12 nextbookP12
A1.1,9,L1,w,pharmacy,U9P11 U9P8 U10P12 nextbookP12
A1.1,9,L1,w,hill,U9P5 U9P3 U10P12 nextbookP12
A1.1,9,L1,w,left,U9P4 U9P5 U10P12 nextbookP12
A1.1,9,L1,w,right,U9P4 U9P11 U10P12 nextbookP12
A1.1,9,L1,w,opposite,U9P10 U9P5 U10P12 nextbookP12
A1.1,9,L1,w,behind,U9P11 U9P8 U10P12 nextbookP12
A1.1,9,L1,w,between,U9P11 U9P5 U10P12 nextbookP12
A1.1,9,L1,c,bus stop,U9P5 U9P4 U10P12 nextbookP12
A1.1,9,L1,c,traffic lights,U9P10 U9P3 U10P12 nextbookP12
A1.1,9,L1,c,straight on,U9P10 U9P11 U10P12 nextbookP12
A1.1,9,L1,c,next to,U9P3 U9P11 U10P12 nextbookP12
A1.1,9,L1,c,in front of,U9P8 U9P11 U10P12 nextbookP12
A1.1,9,L2,w,bus,U9P4 U9P10 U10P12 nextbookP12
A1.1,9,L2,w,tram,U9P5 U9P11 U10P12 nextbookP12
A1.1,9,L2,w,train,U9P4 U9P5 U10P12 nextbookP12
A1.1,9,L2,w,metro,U9P10 U9P4 U10P12 nextbookP12
A1.1,9,L2,w,taxi,U9P10 U9P3 U10P12 nextbookP12
A1.1,9,L2,c,on Monday,U9P10 U9P8 U10P12 nextbookP12
A1.1,9,L2,c,in the morning,U9P5 U9P10 U10P12 nextbookP12
A1.1,9,L2,c,at six o'clock,U9P3 U9P8 U10P12 nextbookP12
A1.1,9,L2,c,on foot,U9P3 U9P5 U10P12 nextbookP12
A1.1,9,L2,c,by bus,U9P3 U9P11 U10P12 nextbookP12
A1.1,9,L2,p,get on,U9P3 U9P8 U10P12 nextbookP12
A1.1,9,L2,p,get off,U9P4 U9P3 U10P12 nextbookP12
A1.1,9,L2,f,It's about ten minutes.,U9P10 U9P11 U10P12 nextbookP12
A1.1,10,L1,w,money,U10P4 U10P3 nextbookP12 nextbookP12
A1.1,10,L1,w,price,U10P3 U10P11 nextbookP12 nextbookP12
A1.1,10,L1,w,cost,U10P10 U10P3 nextbookP12 nextbookP12
A1.1,10,L1,w,cheap,U10P4 U10P5 nextbookP12 nextbookP12
A1.1,10,L1,w,expensive,U10P8 U10P11 nextbookP12 nextbookP12
A1.1,10,L1,w,change,U10P11 U10P8 nextbookP12 nextbookP12
A1.1,10,L1,w,receipt,U10P4 U10P5 nextbookP12 nextbookP12
A1.1,10,L1,w,card,U10P5 U10P10 nextbookP12 nextbookP12
A1.1,10,L1,w,cash,U10P10 U10P8 nextbookP12 nextbookP12
A1.1,10,L1,w,sale,U10P5 U10P10 nextbookP12 nextbookP12
A1.1,10,L1,w,size,U10P10 U10P8 nextbookP12 nextbookP12
A1.1,10,L1,w,colour,U10P5 U10P8 nextbookP12 nextbookP12
A1.1,10,L1,w,shoes,U10P10 U10P4 nextbookP12 nextbookP12
A1.1,10,L1,w,shirt,U10P8 U10P4 nextbookP12 nextbookP12
A1.1,10,L1,w,jacket,U10P11 U10P10 nextbookP12 nextbookP12
A1.1,10,L1,c,How much does it cost?,U10P4 U10P3 nextbookP12 nextbookP12
A1.1,10,L1,c,pay by card,U10P11 U10P8 nextbookP12 nextbookP12
A1.1,10,L1,c,try it on,U10P11 U10P8 nextbookP12 nextbookP12
A1.1,10,L1,p,take back,U10P3 U10P8 nextbookP12 nextbookP12
A1.1,10,L1,p,pay back,U10P5 U10P4 nextbookP12 nextbookP12
A1.1,10,L1,f,It's too expensive.,U10P11 U10P3 nextbookP12 nextbookP12
A1.1,10,L1,f,Can I have a receipt?,U10P4 U10P3 nextbookP12 nextbookP12
A1.1,10,L2,w,first,U10P5 U10P4 nextbookP12 nextbookP12
A1.1,10,L2,w,second,U10P5 U10P8 nextbookP12 nextbookP12
A1.1,10,L2,w,third,U10P5 U10P11 nextbookP12 nextbookP12
A1.1,10,L2,w,fourth,U10P3 U10P10 nextbookP12 nextbookP12
A1.1,10,L2,w,fifth,U10P3 U10P11 nextbookP12 nextbookP12
A1.1,10,L2,w,tenth,U10P8 U10P11 nextbookP12 nextbookP12
A1.1,10,L2,w,twentieth,U10P4 U10P3 nextbookP12 nextbookP12
A1.1,10,L2,w,January,U10P5 U10P11 nextbookP12 nextbookP12
A1.1,10,L2,w,March,U10P8 U10P10 nextbookP12 nextbookP12
A1.1,10,L2,w,July,U10P5 U10P11 nextbookP12 nextbookP12
A1.1,10,L2,w,December,U10P5 U10P10 nextbookP12 nextbookP12
A1.1,10,L2,c,on the first of May,U10P8 U10P3 nextbookP12 nextbookP12
A1.1,10,L2,f,When's your birthday?,U10P10 U10P5 nextbookP12 nextbookP12
A1.2,1,L1,w,arrive,U1P5 U1P8 U3P12 U7P9
A1.2,1,L1,w,leave,U1P10 U1P11 U8P12 U9P10
A1.2,1,L1,w,begin,U1P4 U1P5 U5P12 U6P10
A1.2,1,L1,w,happen,U1P11 U1P4 U6P12 U10P9
A1.2,1,L1,w,passenger,U1P8 U1P11 U7P12 U10P9
A1.2,1,L1,w,crew,U1P5 U1P8 U5P12 U10P2
A1.2,1,L1,w,ticket,U1P4 U1P11 U3P12 U4P2
A1.2,1,L1,w,seat,U1P5 U1P10 U3P12 U4P9
A1.2,1,L1,w,delay,U1P10 U1P11 U4P12 U8P5
A1.2,1,L1,w,shift,U1P11 U1P8 U8P12 U9P10
A1.2,1,L1,w,report,U1P3 U1P10 U8P12 U10P5
A1.2,1,L1,w,mistake,U1P11 U1P3 U5P12 U6P9
A1.2,1,L1,w,lucky,U1P5 U1P4 U9P12 U10P10
A1.2,1,L1,w,awful,U1P10 U1P5 U2P12 U6P10
A1.2,1,L1,w,busy,U1P5 U1P4 U2P12 U7P2
A1.2,1,L1,w,calm,U1P10 U1P8 U3P12 U10P2
A1.2,1,L1,c,start the shift,U1P8 U1P11 U3P12 U9P10
A1.2,1,L1,c,check the tickets,U1P3 U1P8 U4P12 U7P10
A1.2,1,L1,c,serve the meals,U1P3 U1P10 U3P12 U10P5
A1.2,1,L1,c,make an announcement,U1P3 U1P4 U3P12 U9P5
A1.2,1,L1,p,turn up,U1P5 U1P3 U3P12 U5P5
A1.2,1,L1,p,sort out,U1P3 U1P10 U2P12 U3P2
A1.2,1,L2,w,first,U1P10 U1P4 U5P12 U10P10
A1.2,1,L2,w,then,U1P11 U1P10 U2P12 U4P5
A1.2,1,L2,w,next,U1P8 U1P3 U3P12 U10P2
A1.2,1,L2,w,finally,U1P10 U1P3 U5P12 U7P2
A1.2,1,L2,w,before,U1P10 U1P8 U8P12 U10P5
A1.2,1,L2,w,while,U1P8 U1P3 U6P12 U9P9
A1.2,1,L2,w,suddenly,U1P5 U1P8 U8P12 U9P2
A1.2,1,L2,c,after that,U1P5 U1P3 U4P12 U8P2
A1.2,1,L2,c,at first,U1P5 U1P10 U3P12 U4P5
A1.2,1,L2,c,in the end,U1P8 U1P11 U2P12 U10P2
A1.2,1,L2,c,the next day,U1P8 U1P4 U7P12 U10P2
A1.2,1,L2,f,What happened?,U1P5 U1P8 U2P12 U6P5
A1.2,1,L2,f,You'll never believe it.,U1P4 U1P8 U3P12 U6P5
A1.2,2,L1,w,journey,U2P3 U2P10 U4P12 U9P10
A1.2,2,L1,w,trip,U2P5 U2P11 U3P12 U8P2
A1.2,2,L1,w,platform,U2P10 U2P4 U6P12 U10P2
A1.2,2,L1,w,luggage,U2P3 U2P8 U3P12 U4P10
A1.2,2,L1,w,suitcase,U2P5 U2P3 U5P12 U10P2
A1.2,2,L1,w,backpack,U2P5 U2P11 U5P12 U6P9
A1.2,2,L1,w,timetable,U2P8 U2P4 U5P12 U8P9
A1.2,2,L1,w,return,U2P11 U2P5 U8P12 U9P10
A1.2,2,L1,w,single,U2P4 U2P10 U7P12 U10P5
A1.2,2,L1,w,window,U2P10 U2P5 U4P12 U8P10
A1.2,2,L1,w,aisle,U2P5 U2P11 U4P12 U7P2
A1.2,2,L1,w,heavy,U2P8 U2P4 U5P12 U10P9
A1.2,2,L1,w,far,U2P8 U2P5 U7P12 U9P5
A1.2,2,L1,w,wait,U2P3 U2P10 U3P12 U10P9
A1.2,2,L1,w,slow,U2P3 U2P5 U4P12 U8P5
A1.2,2,L1,w,guard,U2P11 U2P10 U3P12 U8P5
A1.2,2,L1,c,miss the train,U2P3 U2P4 U5P12 U6P2
A1.2,2,L1,c,change trains,U2P4 U2P11 U6P12 U9P9
A1.2,2,L1,c,book a ticket,U2P3 U2P8 U7P12 U8P5
A1.2,2,L1,c,a return ticket,U2P11 U2P3 U4P12 U8P10
A1.2,2,L1,p,set off,U2P5 U2P11 U5P12 U7P10
A1.2,2,L1,p,pick up,U2P4 U2P8 U7P12 U9P2
A1.2,2,L2,w,ago,U2P11 U2P10 U4P12 U9P2
A1.2,2,L2,w,last,U2P8 U2P10 U5P12 U9P10
A1.2,2,L2,w,yesterday,U2P11 U2P3 U4P12 U8P2
A1.2,2,L2,w,recently,U2P11 U2P5 U4P12 U6P2
A1.2,2,L2,w,earlier,U2P3 U2P5 U6P12 U9P10
A1.2,2,L2,w,later,U2P8 U2P10 U3P12 U6P9
A1.2,2,L2,c,two days ago,U2P10 U2P4 U5P12 U9P5
A1.2,2,L2,c,last night,U2P5 U2P3 U6P12 U9P10
A1.2,2,L2,c,last summer,U2P11 U2P5 U5P12 U6P2
A1.2,2,L2,c,the day before,U2P5 U2P10 U7P12 U10P10
A1.2,2,L2,c,a long time ago,U2P8 U2P11 U5P12 U7P9
A1.2,2,L2,f,How long ago?,U2P8 U2P4 U8P12 U9P10
A1.2,2,L2,f,It was ages ago.,U2P11 U2P10 U7P12 U10P9
A1.2,3,L1,w,price,U3P11 U3P5 U5P12 U10P5
A1.2,3,L1,w,quality,U3P3 U3P10 U8P12 U10P9
A1.2,3,L1,w,cheap,U3P5 U3P8 U6P12 U8P2
A1.2,3,L1,w,expensive,U3P10 U3P8 U6P12 U7P5
A1.2,3,L1,w,better,U3P8 U3P10 U4P12 U8P5
A1.2,3,L1,w,worse,U3P11 U3P4 U5P12 U10P10
A1.2,3,L1,w,strong,U3P3 U3P11 U7P12 U10P9
A1.2,3,L1,w,weak,U3P10 U3P5 U8P12 U9P10
A1.2,3,L1,w,plastic,U3P4 U3P3 U5P12 U8P9
A1.2,3,L1,w,metal,U3P5 U3P3 U5P12 U10P5
A1.2,3,L1,w,wood,U3P8 U3P5 U4P12 U8P9
A1.2,3,L1,w,cloth,U3P5 U3P8 U4P12 U8P9
A1.2,3,L1,w,new,U3P11 U3P10 U7P12 U10P5
A1.2,3,L1,w,old,U3P10 U3P5 U4P12 U6P2
A1.2,3,L1,w,same,U3P10 U3P11 U6P12 U10P5
A1.2,3,L1,w,different,U3P3 U3P8 U6P12 U10P10
A1.2,3,L1,c,good value,U3P11 U3P4 U4P12 U9P5
A1.2,3,L1,c,last longer,U3P8 U3P11 U9P12 U10P9
A1.2,3,L1,c,cost more,U3P4 U3P10 U9P12 U10P2
A1.2,3,L1,c,the same as,U3P3 U3P4 U7P12 U9P9
A1.2,3,L1,p,break down,U3P10 U3P11 U4P12 U5P5
A1.2,3,L1,p,throw away,U3P11 U3P4 U5P12 U10P10
A1.2,3,L2,w,than,U3P3 U3P8 U4P12 U9P5
A1.2,3,L2,w,more,U3P3 U3P10 U6P12 U8P9
A1.2,3,L2,w,less,U3P3 U3P8 U4P12 U5P9
A1.2,3,L2,w,much,U3P10 U3P5 U5P12 U10P5
A1.2,3,L2,w,quite,U3P4 U3P3 U6P12 U7P10
A1.2,3,L2,w,really,U3P11 U3P8 U8P12 U9P9
A1.2,3,L2,c,a bit,U3P3 U3P10 U5P12 U8P10
A1.2,3,L2,c,as big as,U3P5 U3P3 U7P12 U8P9
A1.2,3,L2,c,not as good as,U3P4 U3P11 U9P12 U10P10
A1.2,3,L2,c,more expensive than,U3P5 U3P8 U4P12 U6P9
A1.2,3,L2,c,much better,U3P4 U3P5 U5P12 U10P10
A1.2,3,L2,f,What's the difference?,U3P4 U3P3 U4P12 U8P5
A1.2,3,L2,f,It depends.,U3P11 U3P3 U5P12 U10P10
A1.2,4,L1,w,family,U4P11 U4P3 U7P12 U8P5
A1.2,4,L1,w,mother,U4P11 U4P3 U7P12 U10P2
A1.2,4,L1,w,father,U4P3 U4P5 U5P12 U8P10
A1.2,4,L1,w,sister,U4P11 U4P4 U9P12 U10P9
A1.2,4,L1,w,brother,U4P11 U4P8 U6P12 U8P10
A1.2,4,L1,w,son,U4P11 U4P10 U9P12 U10P10
A1.2,4,L1,w,daughter,U4P5 U4P3 U8P12 U9P9
A1.2,4,L1,w,wife,U4P5 U4P3 U7P12 U9P5
A1.2,4,L1,w,husband,U4P8 U4P3 U6P12 U8P9
A1.2,4,L1,w,grandmother,U4P4 U4P10 U6P12 U8P10
A1.2,4,L1,w,cousin,U4P5 U4P4 U9P12 U10P2
A1.2,4,L1,w,uncle,U4P5 U4P10 U5P12 U9P5
A1.2,4,L1,w,aunt,U4P3 U4P10 U5P12 U8P9
A1.2,4,L1,w,married,U4P3 U4P8 U8P12 U9P10
A1.2,4,L1,w,alone,U4P8 U4P10 U8P12 U9P10
A1.2,4,L1,w,together,U4P5 U4P8 U8P12 U9P10
A1.2,4,L1,c,get married,U4P5 U4P10 U7P12 U8P2
A1.2,4,L1,c,look like,U4P11 U4P4 U8P12 U10P10
A1.2,4,L1,c,live with,U4P3 U4P4 U5P12 U10P2
A1.2,4,L1,c,a big family,U4P8 U4P3 U8P12 U9P9
A1.2,4,L1,p,bring up,U4P4 U4P5 U6P12 U10P10
A1.2,4,L1,p,grow up,U4P4 U4P5 U5P12 U6P10
A1.2,4,L2,w,whose,U4P8 U4P5 U5P12 U8P5
A1.2,4,L2,w,my,U4P8 U4P5 U5P12 U10P2
A1.2,4,L2,w,your,U4P4 U4P11 U7P12 U8P2
A1.2,4,L2,w,his,U4P10 U4P4 U6P12 U7P9
A1.2,4,L2,w,her,U4P4 U4P8 U7P12 U8P10
A1.2,4,L2,w,our,U4P5 U4P8 U5P12 U6P5
A1.2,4,L2,w,their,U4P8 U4P11 U5P12 U7P9
A1.2,4,L2,w,mine,U4P3 U4P5 U5P12 U10P2
A1.2,4,L2,w,yours,U4P8 U4P10 U7P12 U10P10
A1.2,4,L2,c,belong to,U4P4 U4P8 U5P12 U6P10
A1.2,4,L2,c,a friend of mine,U4P4 U4P10 U7P12 U10P10
A1.2,4,L2,f,Whose is this?,U4P5 U4P11 U6P12 U8P9
A1.2,4,L2,f,It's not mine.,U4P11 U4P4 U5P12 U10P10
A1.2,5,L1,w,health,U5P11 U5P4 U6P12 U9P10
A1.2,5,L1,w,doctor,U5P4 U5P3 U7P12 U9P5
A1.2,5,L1,w,medicine,U5P4 U5P11 U6P12 U7P9
A1.2,5,L1,w,pain,U5P3 U5P10 U6P12 U10P5
A1.2,5,L1,w,headache,U5P5 U5P10 U9P12 U10P5
A1.2,5,L1,w,cold,U5P4 U5P5 U7P12 U10P10
A1.2,5,L1,w,cough,U5P3 U5P11 U7P12 U10P9
A1.2,5,L1,w,ill,U5P3 U5P4 U6P12 U7P2
A1.2,5,L1,w,sick,U5P5 U5P10 U6P12 U8P2
A1.2,5,L1,w,well,U5P3 U5P8 U6P12 U8P2
A1.2,5,L1,w,rest,U5P8 U5P11 U8P12 U9P2
A1.2,5,L1,w,water,U5P5 U5P11 U7P12 U9P5
A1.2,5,L1,w,exercise,U5P5 U5P11 U6P12 U7P5
A1.2,5,L1,w,stress,U5P4 U5P10 U6P12 U10P10
A1.2,5,L1,w,hungry,U5P10 U5P5 U7P12 U10P2
A1.2,5,L1,w,warm,U5P11 U5P3 U8P12 U10P5
A1.2,5,L1,c,take medicine,U5P4 U5P3 U6P12 U10P10
A1.2,5,L1,c,see a doctor,U5P10 U5P8 U7P12 U9P5
A1.2,5,L1,c,have a cold,U5P10 U5P11 U7P12 U9P5
A1.2,5,L1,c,feel better,U5P3 U5P4 U8P12 U10P5
A1.2,5,L1,p,lie down,U5P11 U5P8 U7P12 U8P9
A1.2,5,L1,p,give up,U5P11 U5P4 U7P12 U8P5
A1.2,5,L2,w,should,U5P8 U5P5 U6P12 U7P5
A1.2,5,L2,w,shouldn't,U5P5 U5P8 U6P12 U10P2
A1.2,5,L2,w,breathe,U5P10 U5P11 U7P12 U9P10
A1.2,5,L2,w,stretch,U5P10 U5P11 U8P12 U9P5
A1.2,5,L2,w,bend,U5P4 U5P11 U7P12 U8P9
A1.2,5,L2,w,lift,U5P10 U5P8 U6P12 U9P9
A1.2,5,L2,w,stand,U5P10 U5P3 U7P12 U10P5
A1.2,5,L2,w,carry,U5P10 U5P3 U7P12 U8P9
A1.2,5,L2,w,hurt,U5P8 U5P3 U7P12 U8P10
A1.2,5,L2,c,Why don't you…?,U5P8 U5P4 U8P12 U10P5
A1.2,5,L2,c,You should…,U5P5 U5P4 U7P12 U10P2
A1.2,5,L2,f,You'll feel better.,U5P10 U5P11 U7P12 U10P2
A1.2,5,L2,f,Take it easy.,U5P8 U5P3 U7P12 U10P2
A1.2,6,L1,w,future,U6P5 U6P3 U7P12 U9P5
A1.2,6,L1,w,change,U6P5 U6P3 U8P12 U10P9
A1.2,6,L1,w,machine,U6P4 U6P8 U8P12 U9P2
A1.2,6,L1,w,robot,U6P8 U6P10 U8P12 U9P2
A1.2,6,L1,w,energy,U6P10 U6P4 U7P12 U9P10
A1.2,6,L1,w,electric,U6P10 U6P8 U8P12 U10P9
A1.2,6,L1,w,car,U6P4 U6P3 U8P12 U9P5
A1.2,6,L1,w,city,U6P11 U6P10 U7P12 U8P2
A1.2,6,L1,w,job,U6P11 U6P5 U8P12 U10P10
A1.2,6,L1,w,world,U6P8 U6P4 U7P12 U9P2
A1.2,6,L1,w,year,U6P10 U6P11 U8P12 U9P5
A1.2,6,L1,w,soon,U6P4 U6P3 U8P12 U10P9
A1.2,6,L1,w,grow,U6P11 U6P8 U7P12 U10P9
A1.2,6,L1,w,disappear,U6P3 U6P5 U7P12 U9P5
A1.2,6,L1,w,improve,U6P3 U6P11 U7P12 U8P2
A1.2,6,L1,w,replace,U6P10 U6P8 U7P12 U8P2
A1.2,6,L1,c,in ten years,U6P3 U6P5 U7P12 U9P9
A1.2,6,L1,c,get better,U6P3 U6P11 U8P12 U10P2
A1.2,6,L1,c,get worse,U6P10 U6P5 U7P12 U8P10
A1.2,6,L1,c,a lot of people,U6P8 U6P3 U8P12 U9P10
A1.2,6,L1,p,find out,U6P3 U6P10 U7P12 U9P9
A1.2,6,L1,p,work out,U6P5 U6P8 U9P12 U10P9
A1.2,6,L2,w,maybe,U6P11 U6P4 U7P12 U8P10
A1.2,6,L2,w,probably,U6P3 U6P4 U9P12 U10P9
A1.2,6,L2,w,perhaps,U6P4 U6P11 U8P12 U9P5
A1.2,6,L2,w,certainly,U6P10 U6P8 U7P12 U9P9
A1.2,6,L2,w,sure,U6P8 U6P11 U9P12 U10P9
A1.2,6,L2,w,definitely,U6P8 U6P5 U7P12 U10P10
A1.2,6,L2,w,possible,U6P4 U6P8 U7P12 U9P2
A1.2,6,L2,w,impossible,U6P3 U6P8 U7P12 U8P5
A1.2,6,L2,w,hope,U6P5 U6P3 U7P12 U8P10
A1.2,6,L2,c,I think…,U6P8 U6P10 U8P12 U9P5
A1.2,6,L2,c,I don't think…,U6P10 U6P4 U7P12 U9P9
A1.2,6,L2,f,We'll see.,U6P10 U6P11 U8P12 U10P5
A1.2,6,L2,f,Who knows?,U6P10 U6P3 U7P12 U8P5
A1.2,7,L1,w,law,U7P10 U7P5 U8P12 U9P2
A1.2,7,L1,w,rule,U7P3 U7P4 U9P12 U10P9
A1.2,7,L1,w,safety,U7P10 U7P3 U9P12 U10P9
A1.2,7,L1,w,danger,U7P5 U7P8 U8P12 U9P9
A1.2,7,L1,w,warning,U7P4 U7P11 U9P12 U10P2
A1.2,7,L1,w,emergency,U7P10 U7P8 U8P12 U9P9
A1.2,7,L1,w,exit,U7P4 U7P10 U8P12 U9P5
A1.2,7,L1,w,seatbelt,U7P10 U7P3 U8P12 U9P10
A1.2,7,L1,w,helmet,U7P5 U7P10 U8P12 U9P5
A1.2,7,L1,w,speed,U7P11 U7P3 U9P12 U10P10
A1.2,7,L1,w,fine,U7P10 U7P5 U9P12 U10P9
A1.2,7,L1,w,licence,U7P11 U7P10 U9P12 U10P5
A1.2,7,L1,w,permit,U7P3 U7P5 U9P12 U10P5
A1.2,7,L1,w,allowed,U7P10 U7P8 U8P12 U10P10
A1.2,7,L1,w,illegal,U7P3 U7P10 U8P12 U9P10
A1.2,7,L1,w,legal,U7P4 U7P10 U8P12 U10P10
A1.2,7,L1,c,wear a seatbelt,U7P5 U7P8 U9P12 U10P9
A1.2,7,L1,c,pay a fine,U7P11 U7P4 U8P12 U10P2
A1.2,7,L1,c,break the law,U7P5 U7P10 U8P12 U9P9
A1.2,7,L1,c,follow the rules,U7P8 U7P3 U9P12 U10P10
A1.2,7,L1,p,fill in,U7P10 U7P5 U8P12 U9P5
A1.2,7,L1,p,hand over,U7P3 U7P11 U9P12 U10P2
A1.2,7,L2,w,must,U7P10 U7P4 U8P12 U10P2
A1.2,7,L2,w,mustn't,U7P4 U7P8 U8P12 U9P5
A1.2,7,L2,w,obey,U7P4 U7P5 U9P12 U10P10
A1.2,7,L2,w,need,U7P8 U7P5 U8P12 U10P5
A1.2,7,L2,w,necessary,U7P3 U7P11 U9P12 U10P2
A1.2,7,L2,w,compulsory,U7P11 U7P8 U9P12 U10P5
A1.2,7,L2,w,duty,U7P8 U7P11 U8P12 U10P2
A1.2,7,L2,w,right,U7P4 U7P11 U8P12 U10P5
A1.2,7,L2,w,responsible,U7P8 U7P11 U8P12 U10P10
A1.2,7,L2,c,have to,U7P5 U7P8 U8P12 U10P5
A1.2,7,L2,c,don't have to,U7P5 U7P3 U9P12 U10P10
A1.2,7,L2,f,You must not…,U7P10 U7P5 U9P12 U10P5
A1.2,7,L2,f,It's not allowed.,U7P5 U7P10 U8P12 U9P5
A1.2,8,L1,w,experience,U8P8 U8P4 U9P12 U10P9
A1.2,8,L1,w,skill,U8P5 U8P10 U9P12 U10P10
A1.2,8,L1,w,moment,U8P5 U8P10 U9P12 U10P5
A1.2,8,L1,w,adventure,U8P5 U8P4 U9P12 U10P5
A1.2,8,L1,w,abroad,U8P11 U8P5 U9P12 U10P2
A1.2,8,L1,w,foreign,U8P5 U8P8 U9P12 U10P2
A1.2,8,L1,w,language,U8P3 U8P10 U9P12 U10P2
A1.2,8,L1,w,swim,U8P3 U8P5 U9P12 U10P5
A1.2,8,L1,w,drive,U8P10 U8P11 U9P12 U10P9
A1.2,8,L1,w,cook,U8P8 U8P3 U9P12 U10P2
A1.2,8,L1,w,fly,U8P8 U8P3 U9P12 U10P5
A1.2,8,L1,w,climb,U8P4 U8P8 U9P12 U10P10
A1.2,8,L1,w,sing,U8P8 U8P4 U9P12 U10P10
A1.2,8,L1,w,ride,U8P3 U8P10 U9P12 U10P10
A1.2,8,L1,w,win,U8P3 U8P8 U9P12 U10P2
A1.2,8,L1,w,lose,U8P11 U8P3 U9P12 U10P9
A1.2,8,L1,c,learn a skill,U8P3 U8P4 U9P12 U10P2
A1.2,8,L1,c,pass a test,U8P8 U8P4 U9P12 U10P5
A1.2,8,L1,c,try something new,U8P8 U8P5 U9P12 U10P2
A1.2,8,L1,c,win a prize,U8P5 U8P4 U9P12 U10P10
A1.2,8,L1,p,take up,U8P4 U8P8 U9P12 U10P5
A1.2,8,L1,p,carry on,U8P10 U8P11 U9P12 U10P9
A1.2,8,L2,w,ever,U8P11 U8P4 U9P12 U10P2
A1.2,8,L2,w,never,U8P11 U8P10 U9P12 U10P5
A1.2,8,L2,w,always,U8P8 U8P10 U9P12 U10P9
A1.2,8,L2,w,already,U8P8 U8P5 U9P12 U10P9
A1.2,8,L2,w,yet,U8P8 U8P5 U9P12 U10P5
A1.2,8,L2,w,been,U8P11 U8P8 U9P12 U10P9
A1.2,8,L2,w,gone,U8P5 U8P11 U9P12 U10P2
A1.2,8,L2,w,done,U8P8 U8P11 U9P12 U10P9
A1.2,8,L2,w,seen,U8P3 U8P8 U9P12 U10P10
A1.2,8,L2,c,Have you ever…?,U8P5 U8P4 U9P12 U10P2
A1.2,8,L2,c,I've never…,U8P11 U8P8 U9P12 U10P10
A1.2,8,L2,f,Not yet.,U8P8 U8P11 U9P12 U10P9
A1.2,8,L2,f,Only once.,U8P5 U8P4 U9P12 U10P5
A1.2,9,L1,w,weather,U9P4 U9P10 U10P12 nextbookP12
A1.2,9,L1,w,rain,U9P8 U9P11 U10P12 nextbookP12
A1.2,9,L1,w,snow,U9P5 U9P3 U10P12 nextbookP12
A1.2,9,L1,w,wind,U9P5 U9P8 U10P12 nextbookP12
A1.2,9,L1,w,sun,U9P11 U9P5 U10P12 nextbookP12
A1.2,9,L1,w,cloud,U9P8 U9P11 U10P12 nextbookP12
A1.2,9,L1,w,storm,U9P8 U9P4 U10P12 nextbookP12
A1.2,9,L1,w,ice,U9P11 U9P10 U10P12 nextbookP12
A1.2,9,L1,w,degrees,U9P3 U9P10 U10P12 nextbookP12
A1.2,9,L1,w,cool,U9P11 U9P10 U10P12 nextbookP12
A1.2,9,L1,w,wet,U9P4 U9P11 U10P12 nextbookP12
A1.2,9,L1,w,dry,U9P3 U9P8 U10P12 nextbookP12
A1.2,9,L1,w,season,U9P4 U9P3 U10P12 nextbookP12
A1.2,9,L1,w,spring,U9P5 U9P4 U10P12 nextbookP12
A1.2,9,L1,w,autumn,U9P3 U9P4 U10P12 nextbookP12
A1.2,9,L1,w,sky,U9P3 U9P11 U10P12 nextbookP12
A1.2,9,L1,c,check the forecast,U9P8 U9P11 U10P12 nextbookP12
A1.2,9,L1,c,cancel a plan,U9P11 U9P5 U10P12 nextbookP12
A1.2,9,L1,c,a bit of rain,U9P11 U9P3 U10P12 nextbookP12
A1.2,9,L1,c,forty below,U9P3 U9P10 U10P12 nextbookP12
A1.2,9,L1,p,put off,U9P8 U9P4 U10P12 nextbookP12
A1.2,9,L1,p,call off,U9P4 U9P5 U10P12 nextbookP12
A1.2,9,L2,w,tonight,U9P11 U9P3 U10P12 nextbookP12
A1.2,9,L2,w,tomorrow,U9P8 U9P5 U10P12 nextbookP12
A1.2,9,L2,w,weekend,U9P11 U9P10 U10P12 nextbookP12
A1.2,9,L2,w,tomorrow morning,U9P10 U9P8 U10P12 nextbookP12
A1.2,9,L2,w,this,U9P5 U9P8 U10P12 nextbookP12
A1.2,9,L2,w,afternoon,U9P11 U9P10 U10P12 nextbookP12
A1.2,9,L2,w,evening,U9P11 U9P4 U10P12 nextbookP12
A1.2,9,L2,w,winter,U9P11 U9P4 U10P12 nextbookP12
A1.2,9,L2,w,summer,U9P11 U9P4 U10P12 nextbookP12
A1.2,9,L2,c,going to,U9P11 U9P5 U10P12 nextbookP12
A1.2,9,L2,c,next week,U9P4 U9P3 U10P12 nextbookP12
A1.2,9,L2,f,What are you doing…?,U9P5 U9P3 U10P12 nextbookP12
A1.2,9,L2,f,It depends on the weather.,U9P10 U9P4 U10P12 nextbookP12
A1.2,10,L1,w,best,U10P8 U10P5 nextbookP12 nextbookP12
A1.2,10,L1,w,worst,U10P4 U10P8 nextbookP12 nextbookP12
A1.2,10,L1,w,longest,U10P10 U10P11 nextbookP12 nextbookP12
A1.2,10,L1,w,shortest,U10P8 U10P10 nextbookP12 nextbookP12
A1.2,10,L1,w,hardest,U10P4 U10P10 nextbookP12 nextbookP12
A1.2,10,L1,w,easiest,U10P11 U10P3 nextbookP12 nextbookP12
A1.2,10,L1,w,strangest,U10P8 U10P5 nextbookP12 nextbookP12
A1.2,10,L1,w,favourite,U10P3 U10P11 nextbookP12 nextbookP12
A1.2,10,L1,w,amazing,U10P10 U10P11 nextbookP12 nextbookP12
A1.2,10,L1,w,boring,U10P3 U10P10 nextbookP12 nextbookP12
A1.2,10,L1,w,interesting,U10P8 U10P11 nextbookP12 nextbookP12
A1.2,10,L1,w,funny,U10P11 U10P8 nextbookP12 nextbookP12
A1.2,10,L1,w,true,U10P8 U10P10 nextbookP12 nextbookP12
A1.2,10,L1,w,story,U10P5 U10P10 nextbookP12 nextbookP12
A1.2,10,L1,w,memory,U10P8 U10P3 nextbookP12 nextbookP12
A1.2,10,L1,w,ending,U10P8 U10P3 nextbookP12 nextbookP12
A1.2,10,L1,c,the best thing,U10P3 U10P11 nextbookP12 nextbookP12
A1.2,10,L1,c,the worst part,U10P10 U10P4 nextbookP12 nextbookP12
A1.2,10,L1,c,a true story,U10P10 U10P3 nextbookP12 nextbookP12
A1.2,10,L1,c,at the end,U10P11 U10P10 nextbookP12 nextbookP12
A1.2,10,L1,p,turn out,U10P5 U10P10 nextbookP12 nextbookP12
A1.2,10,L1,p,end up,U10P11 U10P3 nextbookP12 nextbookP12
A1.2,10,L2,w,too,U10P4 U10P11 nextbookP12 nextbookP12
A1.2,10,L2,w,enough,U10P10 U10P4 nextbookP12 nextbookP12
A1.2,10,L2,w,most,U10P10 U10P5 nextbookP12 nextbookP12
A1.2,10,L2,w,least,U10P8 U10P5 nextbookP12 nextbookP12
A1.2,10,L2,w,very,U10P8 U10P10 nextbookP12 nextbookP12
A1.2,10,L2,w,so,U10P8 U10P4 nextbookP12 nextbookP12
A1.2,10,L2,w,absolutely,U10P3 U10P5 nextbookP12 nextbookP12
A1.2,10,L2,w,almost,U10P10 U10P4 nextbookP12 nextbookP12
A1.2,10,L2,w,nearly,U10P11 U10P3 nextbookP12 nextbookP12
A1.2,10,L2,c,the most beautiful,U10P8 U10P4 nextbookP12 nextbookP12
A1.2,10,L2,c,not enough time,U10P4 U10P11 nextbookP12 nextbookP12
A1.2,10,L2,f,It's too long.,U10P11 U10P4 nextbookP12 nextbookP12
A1.2,10,L2,f,That's the best part.,U10P11 U10P8 nextbookP12 nextbookP12
A2.1,1,L1,w,learn,U1P4 U1P5 U6P12 U7P2
A2.1,1,L1,w,practise,U1P5 U1P10 U9P12 U10P2
A2.1,1,L1,w,improve,U1P10 U1P8 U4P12 U5P9
A2.1,1,L1,w,progress,U1P4 U1P10 U4P12 U10P10
A2.1,1,L1,w,beginner,U1P4 U1P8 U4P12 U6P2
A2.1,1,L1,w,mistake,U1P8 U1P3 U3P12 U8P10
A2.1,1,L1,w,correct,U1P3 U1P11 U3P12 U4P9
A2.1,1,L1,w,repeat,U1P5 U1P11 U2P12 U4P9
A2.1,1,L1,w,revise,U1P4 U1P10 U2P12 U7P10
A2.1,1,L1,w,forget,U1P5 U1P10 U4P12 U6P5
A2.1,1,L1,w,understand,U1P10 U1P3 U6P12 U8P5
A2.1,1,L1,w,explain,U1P10 U1P5 U2P12 U3P10
A2.1,1,L1,w,proud,U1P3 U1P10 U5P12 U9P5
A2.1,1,L1,w,confident,U1P3 U1P4 U7P12 U9P5
A2.1,1,L1,w,slow,U1P11 U1P4 U2P12 U7P5
A2.1,1,L1,w,quick,U1P4 U1P8 U6P12 U8P5
A2.1,1,L1,c,get better at,U1P11 U1P8 U5P12 U8P9
A2.1,1,L1,c,have a go,U1P3 U1P10 U4P12 U10P5
A2.1,1,L1,c,be good at,U1P10 U1P4 U5P12 U6P9
A2.1,1,L1,c,make a mistake,U1P4 U1P11 U3P12 U6P2
A2.1,1,L1,p,pick up,U1P11 U1P8 U2P12 U10P2
A2.1,1,L1,f,I'm getting there.,U1P3 U1P10 U5P12 U8P10
A2.1,1,L2,w,for,U1P3 U1P8 U5P12 U10P2
A2.1,1,L2,w,since,U1P10 U1P3 U7P12 U9P2
A2.1,1,L2,w,ago,U1P4 U1P11 U3P12 U9P10
A2.1,1,L2,w,already,U1P8 U1P3 U7P12 U10P9
A2.1,1,L2,w,yet,U1P10 U1P11 U2P12 U9P10
A2.1,1,L2,w,still,U1P5 U1P8 U7P12 U8P9
A2.1,1,L2,w,recently,U1P8 U1P10 U4P12 U8P9
A2.1,1,L2,w,lately,U1P4 U1P3 U7P12 U8P5
A2.1,1,L2,c,for three years,U1P4 U1P8 U6P12 U7P10
A2.1,1,L2,c,since 2019,U1P8 U1P3 U5P12 U10P5
A2.1,1,L2,c,how long,U1P4 U1P11 U3P12 U7P10
A2.1,1,L2,c,a long time,U1P5 U1P11 U4P12 U10P5
A2.1,1,L2,c,up to now,U1P8 U1P10 U4P12 U7P2
A2.1,1,L2,c,all my life,U1P11 U1P5 U3P12 U7P10
A2.1,1,L2,c,every day since,U1P4 U1P8 U3P12 U9P5
A2.1,1,L2,p,keep on,U1P5 U1P3 U5P12 U10P10
A2.1,1,L2,f,"not yet, but soon",U1P4 U1P8 U4P12 U5P5
A2.1,1,L2,c,for ages,U1P10 U1P3 U8P12 U10P10
A2.1,2,L1,w,grow,U2P3 U2P8 U8P12 U10P5
A2.1,2,L1,w,plant,U2P5 U2P3 U4P12 U7P10
A2.1,2,L1,w,seed,U2P4 U2P5 U4P12 U6P10
A2.1,2,L1,w,soil,U2P3 U2P8 U3P12 U10P5
A2.1,2,L1,w,water,U2P3 U2P10 U3P12 U8P5
A2.1,2,L1,w,sun,U2P11 U2P3 U8P12 U10P2
A2.1,2,L1,w,rain,U2P10 U2P11 U3P12 U5P9
A2.1,2,L1,w,season,U2P3 U2P10 U4P12 U8P10
A2.1,2,L1,w,dry,U2P11 U2P3 U4P12 U6P2
A2.1,2,L1,w,wet,U2P4 U2P8 U8P12 U10P5
A2.1,2,L1,w,farm,U2P3 U2P4 U3P12 U10P10
A2.1,2,L1,w,farmer,U2P5 U2P10 U4P12 U6P5
A2.1,2,L1,w,market,U2P11 U2P8 U6P12 U8P9
A2.1,2,L1,w,fresh,U2P11 U2P10 U3P12 U10P10
A2.1,2,L1,w,ripe,U2P10 U2P8 U4P12 U9P5
A2.1,2,L1,w,heavy,U2P4 U2P3 U6P12 U7P5
A2.1,2,L1,c,in season,U2P3 U2P8 U5P12 U9P10
A2.1,2,L1,c,the dry season,U2P8 U2P11 U3P12 U6P9
A2.1,2,L1,c,bring in the harvest,U2P5 U2P10 U5P12 U8P5
A2.1,2,L1,c,straight from the farm,U2P11 U2P5 U3P12 U4P2
A2.1,2,L1,c,go off,U2P10 U2P3 U4P12 U7P10
A2.1,2,L1,p,set up,U2P8 U2P10 U8P12 U10P10
A2.1,2,L1,f,it depends on the rain,U2P5 U2P4 U3P12 U6P10
A2.1,2,L2,w,while,U2P4 U2P5 U7P12 U8P9
A2.1,2,L2,w,when,U2P11 U2P3 U4P12 U10P5
A2.1,2,L2,w,as,U2P11 U2P5 U6P12 U7P9
A2.1,2,L2,w,then,U2P8 U2P3 U7P12 U9P9
A2.1,2,L2,w,afterwards,U2P10 U2P4 U5P12 U9P5
A2.1,2,L2,w,earlier,U2P4 U2P10 U8P12 U10P10
A2.1,2,L2,w,later,U2P11 U2P8 U9P12 U10P2
A2.1,2,L2,w,suddenly,U2P10 U2P5 U3P12 U6P5
A2.1,2,L2,w,meanwhile,U2P3 U2P5 U8P12 U9P10
A2.1,2,L2,c,at that moment,U2P5 U2P11 U5P12 U9P2
A2.1,2,L2,c,at the same time,U2P4 U2P5 U3P12 U6P10
A2.1,2,L2,c,just as,U2P5 U2P8 U3P12 U5P9
A2.1,2,L2,c,all morning,U2P10 U2P5 U6P12 U7P10
A2.1,2,L2,c,by five o'clock,U2P5 U2P4 U7P12 U8P5
A2.1,2,L2,c,the whole time,U2P3 U2P8 U4P12 U7P10
A2.1,2,L2,p,carry on,U2P11 U2P3 U4P12 U6P10
A2.1,2,L2,f,and then it started,U2P8 U2P4 U4P12 U9P2
A2.1,3,L1,w,childhood,U3P5 U3P4 U8P12 U9P9
A2.1,3,L1,w,memory,U3P11 U3P10 U5P12 U8P9
A2.1,3,L1,w,remember,U3P11 U3P10 U4P12 U10P10
A2.1,3,L1,w,neighbour,U3P4 U3P8 U7P12 U9P9
A2.1,3,L1,w,holiday,U3P11 U3P8 U5P12 U10P5
A2.1,3,L1,w,photo,U3P8 U3P11 U8P12 U9P2
A2.1,3,L1,w,cartoon,U3P11 U3P8 U6P12 U8P2
A2.1,3,L1,w,change,U3P5 U3P4 U4P12 U7P2
A2.1,3,L1,w,old,U3P11 U3P8 U4P12 U10P10
A2.1,3,L1,w,young,U3P11 U3P4 U4P12 U7P2
A2.1,3,L1,w,favourite,U3P4 U3P3 U5P12 U6P9
A2.1,3,L1,w,toy,U3P4 U3P11 U5P12 U10P10
A2.1,3,L1,w,game,U3P10 U3P11 U8P12 U10P9
A2.1,3,L1,w,song,U3P3 U3P11 U8P12 U9P10
A2.1,3,L1,w,cousin,U3P8 U3P3 U5P12 U7P5
A2.1,3,L1,w,street,U3P11 U3P10 U5P12 U6P5
A2.1,3,L1,w,playground,U3P8 U3P3 U5P12 U6P5
A2.1,3,L1,w,different,U3P4 U3P11 U8P12 U10P5
A2.1,3,L1,w,same,U3P3 U3P5 U4P12 U8P2
A2.1,3,L1,c,when I was little,U3P10 U3P3 U6P12 U10P10
A2.1,3,L1,c,in those days,U3P10 U3P4 U7P12 U8P2
A2.1,3,L1,c,my grandmother's,U3P4 U3P5 U6P12 U9P2
A2.1,3,L1,c,every summer,U3P5 U3P3 U6P12 U8P5
A2.1,3,L1,p,look back on,U3P5 U3P4 U6P12 U9P9
A2.1,3,L1,f,I don't anymore,U3P4 U3P5 U9P12 U10P9
A2.1,3,L2,w,anymore,U3P4 U3P3 U5P12 U9P5
A2.1,3,L2,w,no longer,U3P4 U3P10 U4P12 U10P5
A2.1,3,L2,w,nowadays,U3P5 U3P4 U6P12 U9P5
A2.1,3,L2,w,rarely,U3P10 U3P8 U6P12 U8P5
A2.1,3,L2,w,ever,U3P3 U3P11 U6P12 U9P5
A2.1,3,L2,w,never,U3P8 U3P11 U5P12 U8P10
A2.1,3,L2,c,used to,U3P4 U3P11 U4P12 U5P2
A2.1,3,L2,c,not like before,U3P4 U3P5 U9P12 U10P9
A2.1,3,L2,c,these days,U3P4 U3P3 U4P12 U8P10
A2.1,3,L2,c,back then,U3P4 U3P3 U9P12 U10P2
A2.1,3,L2,c,the way it was,U3P11 U3P10 U4P12 U6P10
A2.1,3,L2,c,most of the time,U3P10 U3P8 U5P12 U8P10
A2.1,3,L2,c,hardly ever,U3P8 U3P11 U4P12 U9P10
A2.1,3,L2,p,miss out on,U3P5 U3P11 U5P12 U10P2
A2.1,3,L2,f,things have changed,U3P4 U3P5 U4P12 U10P2
A2.1,4,L1,w,team,U4P8 U4P11 U6P12 U8P2
A2.1,4,L1,w,role,U4P5 U4P8 U6P12 U10P2
A2.1,4,L1,w,job,U4P4 U4P3 U5P12 U8P9
A2.1,4,L1,w,task,U4P11 U4P5 U8P12 U9P2
A2.1,4,L1,w,boss,U4P3 U4P11 U6P12 U7P5
A2.1,4,L1,w,manager,U4P3 U4P10 U7P12 U8P5
A2.1,4,L1,w,colleague,U4P4 U4P10 U5P12 U8P9
A2.1,4,L1,w,staff,U4P10 U4P5 U6P12 U7P2
A2.1,4,L1,w,shift,U4P4 U4P3 U8P12 U10P5
A2.1,4,L1,w,responsible,U4P10 U4P5 U6P12 U8P9
A2.1,4,L1,w,thorough,U4P10 U4P5 U5P12 U8P9
A2.1,4,L1,w,reliable,U4P5 U4P11 U5P12 U10P10
A2.1,4,L1,w,honest,U4P5 U4P3 U5P12 U8P5
A2.1,4,L1,w,hard-working,U4P10 U4P4 U5P12 U10P9
A2.1,4,L1,w,friendly,U4P10 U4P3 U7P12 U10P2
A2.1,4,L1,w,calm,U4P11 U4P4 U7P12 U8P5
A2.1,4,L1,c,in charge of,U4P11 U4P4 U5P12 U10P2
A2.1,4,L1,c,look after,U4P11 U4P3 U7P12 U10P5
A2.1,4,L1,c,the one who,U4P3 U4P10 U8P12 U10P2
A2.1,4,L1,c,work together,U4P11 U4P5 U6P12 U10P10
A2.1,4,L1,p,take over,U4P4 U4P10 U5P12 U10P5
A2.1,4,L1,f,that's not my job,U4P10 U4P3 U5P12 U8P10
A2.1,4,L2,w,helpful,U4P3 U4P10 U6P12 U10P10
A2.1,4,L2,w,useful,U4P5 U4P3 U7P12 U8P5
A2.1,4,L2,w,difficult,U4P5 U4P3 U6P12 U8P2
A2.1,4,L2,w,boring,U4P4 U4P10 U9P12 U10P2
A2.1,4,L2,w,interesting,U4P8 U4P10 U7P12 U8P5
A2.1,4,L2,w,stressful,U4P10 U4P11 U7P12 U9P2
A2.1,4,L2,w,tiring,U4P10 U4P8 U5P12 U7P10
A2.1,4,L2,w,well-paid,U4P8 U4P11 U6P12 U10P5
A2.1,4,L2,w,badly-paid,U4P3 U4P4 U7P12 U10P9
A2.1,4,L2,w,steady,U4P5 U4P4 U7P12 U9P5
A2.1,4,L2,w,seasonal,U4P8 U4P11 U5P12 U10P5
A2.1,4,L2,w,skilled,U4P4 U4P5 U5P12 U6P5
A2.1,4,L2,c,a people person,U4P8 U4P4 U6P12 U7P10
A2.1,4,L2,c,good with numbers,U4P3 U4P8 U5P12 U6P2
A2.1,4,L2,c,on your feet all day,U4P5 U4P3 U6P12 U7P5
A2.1,4,L2,c,early starts,U4P4 U4P5 U5P12 U9P9
A2.1,4,L2,p,get on with,U4P10 U4P5 U5P12 U6P9
A2.1,4,L2,f,it suits me,U4P10 U4P5 U6P12 U9P5
A2.1,5,L1,w,delay,U5P5 U5P11 U7P12 U10P5
A2.1,5,L1,w,cancel,U5P3 U5P5 U7P12 U10P10
A2.1,5,L1,w,fare,U5P5 U5P8 U6P12 U10P5
A2.1,5,L1,w,seat,U5P4 U5P10 U7P12 U9P10
A2.1,5,L1,w,board,U5P11 U5P5 U7P12 U8P5
A2.1,5,L1,w,late,U5P5 U5P11 U6P12 U9P5
A2.1,5,L1,w,early,U5P10 U5P4 U8P12 U10P9
A2.1,5,L1,w,platform,U5P3 U5P5 U7P12 U8P2
A2.1,5,L1,w,gate,U5P8 U5P10 U8P12 U10P2
A2.1,5,L1,w,ticket,U5P8 U5P3 U6P12 U9P2
A2.1,5,L1,w,queue,U5P10 U5P3 U8P12 U9P9
A2.1,5,L1,w,traffic,U5P4 U5P5 U8P12 U10P5
A2.1,5,L1,w,roadworks,U5P3 U5P11 U7P12 U8P9
A2.1,5,L1,w,breakdown,U5P11 U5P3 U6P12 U10P2
A2.1,5,L1,w,refund,U5P11 U5P3 U8P12 U10P5
A2.1,5,L1,w,connection,U5P11 U5P10 U6P12 U10P5
A2.1,5,L1,w,timetable,U5P5 U5P11 U6P12 U7P5
A2.1,5,L1,w,journey,U5P3 U5P5 U7P12 U10P10
A2.1,5,L1,c,run late,U5P5 U5P8 U6P12 U9P9
A2.1,5,L1,c,miss the connection,U5P3 U5P8 U8P12 U10P2
A2.1,5,L1,c,the next one,U5P8 U5P11 U6P12 U8P2
A2.1,5,L1,c,stuck in traffic,U5P5 U5P11 U9P12 U10P2
A2.1,5,L1,p,set off,U5P3 U5P11 U8P12 U10P5
A2.1,5,L1,f,there's nothing we can do,U5P11 U5P8 U6P12 U10P9
A2.1,5,L2,w,unless,U5P5 U5P11 U6P12 U8P2
A2.1,5,L2,w,until,U5P4 U5P3 U8P12 U10P2
A2.1,5,L2,w,as soon as,U5P8 U5P4 U7P12 U10P9
A2.1,5,L2,w,by the time,U5P4 U5P8 U6P12 U9P2
A2.1,5,L2,w,whenever,U5P11 U5P3 U6P12 U8P5
A2.1,5,L2,w,in case,U5P10 U5P8 U7P12 U10P10
A2.1,5,L2,w,otherwise,U5P8 U5P10 U8P12 U10P2
A2.1,5,L2,w,straight away,U5P8 U5P10 U7P12 U10P10
A2.1,5,L2,c,if it rains,U5P8 U5P11 U7P12 U8P9
A2.1,5,L2,c,in that case,U5P8 U5P10 U8P12 U10P2
A2.1,5,L2,c,just in case,U5P8 U5P4 U6P12 U7P9
A2.1,5,L2,c,at the latest,U5P11 U5P10 U8P12 U10P2
A2.1,5,L2,c,no later than,U5P8 U5P3 U6P12 U8P5
A2.1,5,L2,c,in time,U5P5 U5P10 U6P12 U10P2
A2.1,5,L2,p,turn up,U5P11 U5P4 U7P12 U8P9
A2.1,5,L2,f,we'll see,U5P10 U5P3 U7P12 U10P9
A2.1,6,L1,w,spend,U6P10 U6P11 U8P12 U10P9
A2.1,6,L1,w,save,U6P3 U6P11 U7P12 U8P5
A2.1,6,L1,w,cost,U6P4 U6P3 U9P12 U10P10
A2.1,6,L1,w,price,U6P10 U6P5 U7P12 U10P10
A2.1,6,L1,w,cheap,U6P10 U6P3 U7P12 U9P10
A2.1,6,L1,w,expensive,U6P3 U6P5 U8P12 U10P5
A2.1,6,L1,w,worth,U6P10 U6P5 U8P12 U9P10
A2.1,6,L1,w,value,U6P3 U6P10 U7P12 U10P5
A2.1,6,L1,w,bargain,U6P5 U6P11 U7P12 U9P5
A2.1,6,L1,w,afford,U6P3 U6P10 U8P12 U10P10
A2.1,6,L1,w,waste,U6P5 U6P3 U7P12 U10P5
A2.1,6,L1,w,budget,U6P4 U6P5 U7P12 U8P5
A2.1,6,L1,w,bill,U6P8 U6P5 U7P12 U10P9
A2.1,6,L1,w,receipt,U6P8 U6P4 U7P12 U9P10
A2.1,6,L1,w,discount,U6P8 U6P4 U7P12 U9P2
A2.1,6,L1,w,second-hand,U6P10 U6P5 U8P12 U9P9
A2.1,6,L1,c,value for money,U6P10 U6P4 U8P12 U9P10
A2.1,6,L1,c,a waste of money,U6P10 U6P4 U9P12 U10P10
A2.1,6,L1,c,put money aside,U6P3 U6P11 U8P12 U10P9
A2.1,6,L1,p,save up,U6P10 U6P8 U8P12 U9P9
A2.1,6,L1,f,it's not worth it,U6P8 U6P4 U7P12 U8P5
A2.1,6,L2,w,decide,U6P8 U6P3 U8P12 U10P10
A2.1,6,L2,w,accept,U6P4 U6P8 U8P12 U9P10
A2.1,6,L2,w,refuse,U6P4 U6P3 U8P12 U10P9
A2.1,6,L2,w,promise,U6P11 U6P4 U7P12 U9P5
A2.1,6,L2,w,offer,U6P5 U6P10 U7P12 U10P9
A2.1,6,L2,w,plan,U6P10 U6P3 U8P12 U10P5
A2.1,6,L2,w,hope,U6P4 U6P8 U9P12 U10P10
A2.1,6,L2,w,manage,U6P5 U6P10 U9P12 U10P2
A2.1,6,L2,w,avoid,U6P10 U6P5 U8P12 U10P10
A2.1,6,L2,w,enjoy,U6P4 U6P11 U8P12 U9P2
A2.1,6,L2,w,mind,U6P11 U6P4 U7P12 U9P2
A2.1,6,L2,w,suggest,U6P4 U6P10 U9P12 U10P9
A2.1,6,L2,c,decide to,U6P11 U6P4 U7P12 U9P2
A2.1,6,L2,c,offer to,U6P8 U6P5 U8P12 U10P2
A2.1,6,L2,c,avoid buying,U6P10 U6P5 U8P12 U10P10
A2.1,6,L2,c,enjoy cooking,U6P4 U6P11 U8P12 U9P10
A2.1,6,L2,c,think about,U6P8 U6P4 U9P12 U10P5
A2.1,6,L2,p,give up,U6P4 U6P5 U8P12 U10P5
A2.1,6,L2,f,I'd rather not,U6P8 U6P10 U8P12 U9P2
A2.1,7,L1,w,born,U7P8 U7P3 U9P12 U10P10
A2.1,7,L1,w,raise,U7P10 U7P4 U9P12 U10P9
A2.1,7,L1,w,citizen,U7P3 U7P10 U8P12 U10P10
A2.1,7,L1,w,move,U7P10 U7P4 U8P12 U10P2
A2.1,7,L1,w,family,U7P3 U7P4 U8P12 U10P9
A2.1,7,L1,w,home,U7P10 U7P4 U8P12 U9P2
A2.1,7,L1,w,village,U7P3 U7P10 U8P12 U9P2
A2.1,7,L1,w,town,U7P8 U7P4 U8P12 U9P10
A2.1,7,L1,w,country,U7P5 U7P3 U8P12 U10P2
A2.1,7,L1,w,language,U7P11 U7P5 U8P12 U10P2
A2.1,7,L1,w,passport,U7P11 U7P10 U8P12 U9P5
A2.1,7,L1,w,visa,U7P10 U7P4 U9P12 U10P9
A2.1,7,L1,w,accent,U7P3 U7P5 U9P12 U10P5
A2.1,7,L1,w,belong,U7P3 U7P4 U8P12 U10P9
A2.1,7,L1,w,settle,U7P3 U7P8 U8P12 U10P9
A2.1,7,L1,w,roots,U7P10 U7P11 U9P12 U10P2
A2.1,7,L1,w,foreign,U7P11 U7P3 U9P12 U10P5
A2.1,7,L1,c,be born in,U7P4 U7P10 U8P12 U10P9
A2.1,7,L1,c,be brought up,U7P11 U7P10 U8P12 U9P9
A2.1,7,L1,c,move away,U7P8 U7P5 U8P12 U9P9
A2.1,7,L1,c,go back,U7P5 U7P3 U9P12 U10P2
A2.1,7,L1,p,grow up,U7P3 U7P10 U9P12 U10P9
A2.1,7,L1,f,it's complicated,U7P4 U7P11 U8P12 U9P5
A2.1,7,L2,w,made,U7P8 U7P10 U9P12 U10P5
A2.1,7,L2,w,grown,U7P10 U7P11 U8P12 U10P2
A2.1,7,L2,w,built,U7P11 U7P3 U8P12 U10P9
A2.1,7,L2,w,sold,U7P5 U7P3 U8P12 U9P10
A2.1,7,L2,w,sent,U7P5 U7P11 U8P12 U10P2
A2.1,7,L2,w,brought,U7P11 U7P4 U8P12 U9P9
A2.1,7,L2,w,taken,U7P10 U7P4 U9P12 U10P10
A2.1,7,L2,w,given,U7P5 U7P3 U9P12 U10P10
A2.1,7,L2,c,be made in,U7P5 U7P4 U8P12 U9P5
A2.1,7,L2,c,be grown in,U7P8 U7P4 U9P12 U10P5
A2.1,7,L2,c,be built by,U7P5 U7P8 U8P12 U9P10
A2.1,7,L2,c,be sold at,U7P10 U7P11 U9P12 U10P5
A2.1,7,L2,c,by hand,U7P8 U7P5 U8P12 U10P2
A2.1,7,L2,c,by machine,U7P11 U7P5 U8P12 U10P5
A2.1,7,L2,c,at the factory,U7P3 U7P8 U9P12 U10P2
A2.1,7,L2,p,settle in,U7P11 U7P4 U9P12 U10P9
A2.1,7,L2,f,nobody knows who,U7P11 U7P4 U8P12 U10P5
A2.1,8,L1,w,forbidden,U8P8 U8P4 U9P12 U10P2
A2.1,8,L1,w,rule,U8P11 U8P10 U9P12 U10P2
A2.1,8,L1,w,soap,U8P8 U8P4 U9P12 U10P10
A2.1,8,L1,w,knife,U8P11 U8P4 U9P12 U10P5
A2.1,8,L1,w,report,U8P5 U8P4 U9P12 U10P5
A2.1,8,L1,w,permission,U8P10 U8P4 U9P12 U10P9
A2.1,8,L1,w,safety,U8P3 U8P8 U9P12 U10P10
A2.1,8,L1,w,helmet,U8P4 U8P11 U9P12 U10P5
A2.1,8,L1,w,gloves,U8P10 U8P5 U9P12 U10P5
A2.1,8,L1,w,mask,U8P11 U8P5 U9P12 U10P9
A2.1,8,L1,w,careful,U8P8 U8P11 U9P12 U10P2
A2.1,8,L1,w,dangerous,U8P5 U8P10 U9P12 U10P2
A2.1,8,L1,w,clean,U8P11 U8P5 U9P12 U10P2
A2.1,8,L1,w,hygiene,U8P5 U8P10 U9P12 U10P10
A2.1,8,L1,w,inspection,U8P4 U8P8 U9P12 U10P9
A2.1,8,L1,w,licence,U8P8 U8P11 U9P12 U10P2
A2.1,8,L1,w,fine,U8P4 U8P11 U9P12 U10P5
A2.1,8,L1,w,warning,U8P11 U8P5 U9P12 U10P9
A2.1,8,L1,w,sign,U8P11 U8P4 U9P12 U10P2
A2.1,8,L1,c,be supposed to,U8P5 U8P3 U9P12 U10P10
A2.1,8,L1,c,at your own risk,U8P10 U8P8 U9P12 U10P10
A2.1,8,L1,c,wash your hands,U8P10 U8P5 U9P12 U10P10
A2.1,8,L1,c,keep clear,U8P3 U8P4 U9P12 U10P9
A2.1,8,L1,p,take off,U8P11 U8P3 U9P12 U10P9
A2.1,8,L1,f,better safe than sorry,U8P11 U8P4 U9P12 U10P2
A2.1,8,L2,w,must,U8P11 U8P3 U9P12 U10P9
A2.1,8,L2,w,mustn't,U8P5 U8P10 U9P12 U10P10
A2.1,8,L2,w,should,U8P11 U8P5 U9P12 U10P5
A2.1,8,L2,w,ought,U8P11 U8P5 U9P12 U10P9
A2.1,8,L2,w,need,U8P10 U8P5 U9P12 U10P10
A2.1,8,L2,c,have to,U8P10 U8P8 U9P12 U10P9
A2.1,8,L2,c,don't have to,U8P4 U8P5 U9P12 U10P5
A2.1,8,L2,c,be meant to,U8P8 U8P11 U9P12 U10P5
A2.1,8,L2,c,be allowed to,U8P4 U8P5 U9P12 U10P2
A2.1,8,L2,c,not allowed to,U8P10 U8P11 U9P12 U10P10
A2.1,8,L2,c,it's up to you,U8P3 U8P4 U9P12 U10P10
A2.1,8,L2,c,no need to,U8P3 U8P8 U9P12 U10P5
A2.1,8,L2,c,you'd better,U8P4 U8P3 U9P12 U10P10
A2.1,8,L2,p,get out of,U8P8 U8P3 U9P12 U10P10
A2.1,8,L2,f,rules are rules,U8P5 U8P8 U9P12 U10P9
A2.1,9,L1,w,screen,U9P10 U9P3 U10P12 nextbookP12
A2.1,9,L1,w,camera,U9P3 U9P5 U10P12 nextbookP12
A2.1,9,L1,w,microphone,U9P10 U9P11 U10P12 nextbookP12
A2.1,9,L1,w,record,U9P11 U9P5 U10P12 nextbookP12
A2.1,9,L1,w,track,U9P4 U9P3 U10P12 nextbookP12
A2.1,9,L1,w,data,U9P3 U9P10 U10P12 nextbookP12
A2.1,9,L1,w,privacy,U9P4 U9P8 U10P12 nextbookP12
A2.1,9,L1,w,setting,U9P4 U9P8 U10P12 nextbookP12
A2.1,9,L1,w,access,U9P11 U9P10 U10P12 nextbookP12
A2.1,9,L1,w,account,U9P8 U9P4 U10P12 nextbookP12
A2.1,9,L1,w,password,U9P11 U9P10 U10P12 nextbookP12
A2.1,9,L1,w,delete,U9P11 U9P5 U10P12 nextbookP12
A2.1,9,L1,w,share,U9P10 U9P4 U10P12 nextbookP12
A2.1,9,L1,w,follow,U9P10 U9P11 U10P12 nextbookP12
A2.1,9,L1,w,block,U9P11 U9P4 U10P12 nextbookP12
A2.1,9,L1,w,notification,U9P10 U9P3 U10P12 nextbookP12
A2.1,9,L1,c,turn off,U9P5 U9P4 U10P12 nextbookP12
A2.1,9,L1,c,log out,U9P8 U9P3 U10P12 nextbookP12
A2.1,9,L1,c,a private account,U9P11 U9P10 U10P12 nextbookP12
A2.1,9,L1,c,who can see,U9P5 U9P11 U10P12 nextbookP12
A2.1,9,L1,p,sign up,U9P3 U9P11 U10P12 nextbookP12
A2.1,9,L1,f,I never read them,U9P5 U9P10 U10P12 nextbookP12
A2.1,9,L2,w,too,U9P8 U9P5 U10P12 nextbookP12
A2.1,9,L2,w,enough,U9P8 U9P11 U10P12 nextbookP12
A2.1,9,L2,w,so,U9P11 U9P8 U10P12 nextbookP12
A2.1,9,L2,w,such,U9P4 U9P11 U10P12 nextbookP12
A2.1,9,L2,w,quickly,U9P11 U9P8 U10P12 nextbookP12
A2.1,9,L2,w,slowly,U9P5 U9P4 U10P12 nextbookP12
A2.1,9,L2,w,carefully,U9P5 U9P3 U10P12 nextbookP12
A2.1,9,L2,w,badly,U9P4 U9P8 U10P12 nextbookP12
A2.1,9,L2,w,well,U9P3 U9P4 U10P12 nextbookP12
A2.1,9,L2,w,loudly,U9P3 U9P11 U10P12 nextbookP12
A2.1,9,L2,w,quietly,U9P8 U9P5 U10P12 nextbookP12
A2.1,9,L2,w,clearly,U9P5 U9P4 U10P12 nextbookP12
A2.1,9,L2,c,too much,U9P5 U9P8 U10P12 nextbookP12
A2.1,9,L2,c,not enough,U9P3 U9P5 U10P12 nextbookP12
A2.1,9,L2,c,so many,U9P5 U9P4 U10P12 nextbookP12
A2.1,9,L2,c,far too,U9P10 U9P4 U10P12 nextbookP12
A2.1,9,L2,p,slow down,U9P5 U9P10 U10P12 nextbookP12
A2.1,9,L2,f,that's quite enough,U9P8 U9P5 U10P12 nextbookP12
A2.1,10,L1,w,meeting,U10P4 U10P10 nextbookP12 nextbookP12
A2.1,10,L1,w,agenda,U10P3 U10P8 nextbookP12 nextbookP12
A2.1,10,L1,w,minutes,U10P11 U10P8 nextbookP12 nextbookP12
A2.1,10,L1,w,decision,U10P3 U10P5 nextbookP12 nextbookP12
A2.1,10,L1,w,vote,U10P11 U10P10 nextbookP12 nextbookP12
A2.1,10,L1,w,agree,U10P4 U10P3 nextbookP12 nextbookP12
A2.1,10,L1,w,disagree,U10P4 U10P8 nextbookP12 nextbookP12
A2.1,10,L1,w,opinion,U10P8 U10P11 nextbookP12 nextbookP12
A2.1,10,L1,w,suggestion,U10P8 U10P10 nextbookP12 nextbookP12
A2.1,10,L1,w,argument,U10P4 U10P3 nextbookP12 nextbookP12
A2.1,10,L1,w,chair,U10P10 U10P11 nextbookP12 nextbookP12
A2.1,10,L1,w,turn,U10P5 U10P10 nextbookP12 nextbookP12
A2.1,10,L1,w,interrupt,U10P11 U10P4 nextbookP12 nextbookP12
A2.1,10,L1,w,listen,U10P5 U10P11 nextbookP12 nextbookP12
A2.1,10,L1,w,speak up,U10P8 U10P3 nextbookP12 nextbookP12
A2.1,10,L1,w,quiet,U10P8 U10P11 nextbookP12 nextbookP12
A2.1,10,L1,w,fair,U10P5 U10P11 nextbookP12 nextbookP12
A2.1,10,L1,w,unfair,U10P8 U10P5 nextbookP12 nextbookP12
A2.1,10,L1,c,have a say,U10P10 U10P5 nextbookP12 nextbookP12
A2.1,10,L1,c,take turns,U10P10 U10P8 nextbookP12 nextbookP12
A2.1,10,L1,c,put your hand up,U10P8 U10P3 nextbookP12 nextbookP12
A2.1,10,L1,c,hear from,U10P8 U10P10 nextbookP12 nextbookP12
A2.1,10,L1,p,speak out,U10P10 U10P3 nextbookP12 nextbookP12
A2.1,10,L1,f,can I just say,U10P11 U10P10 nextbookP12 nextbookP12
A2.1,10,L2,w,could,U10P11 U10P4 nextbookP12 nextbookP12
A2.1,10,L2,w,would,U10P4 U10P3 nextbookP12 nextbookP12
A2.1,10,L2,w,might,U10P10 U10P11 nextbookP12 nextbookP12
A2.1,10,L2,w,perhaps,U10P4 U10P10 nextbookP12 nextbookP12
A2.1,10,L2,w,actually,U10P5 U10P8 nextbookP12 nextbookP12
A2.1,10,L2,w,sorry,U10P10 U10P8 nextbookP12 nextbookP12
A2.1,10,L2,c,could you tell me,U10P3 U10P4 nextbookP12 nextbookP12
A2.1,10,L2,c,do you know if,U10P10 U10P5 nextbookP12 nextbookP12
A2.1,10,L2,c,would you mind,U10P4 U10P8 nextbookP12 nextbookP12
A2.1,10,L2,c,I was wondering,U10P11 U10P8 nextbookP12 nextbookP12
A2.1,10,L2,c,isn't it?,U10P10 U10P3 nextbookP12 nextbookP12
A2.1,10,L2,c,aren't they?,U10P4 U10P8 nextbookP12 nextbookP12
A2.1,10,L2,c,do you?,U10P4 U10P5 nextbookP12 nextbookP12
A2.1,10,L2,c,don't you?,U10P10 U10P4 nextbookP12 nextbookP12
A2.1,10,L2,p,go on,U10P11 U10P5 nextbookP12 nextbookP12
A2.1,10,L2,f,if you don't mind,U10P11 U10P3 nextbookP12 nextbookP12
A2.2,1,L1,w,risk,U1P5 U1P8 U4P12 U5P2
A2.2,1,L1,w,damage,U1P3 U1P10 U4P12 U10P10
A2.2,1,L1,w,flood,U1P10 U1P3 U5P12 U8P9
A2.2,1,L1,w,wall,U1P3 U1P11 U4P12 U8P5
A2.2,1,L1,w,shelter,U1P11 U1P10 U7P12 U9P10
A2.2,1,L1,w,recover,U1P11 U1P3 U5P12 U7P10
A2.2,1,L1,w,warning,U1P10 U1P8 U6P12 U8P10
A2.2,1,L1,w,prepare,U1P4 U1P3 U6P12 U10P2
A2.2,1,L1,w,protect,U1P3 U1P10 U7P12 U9P10
A2.2,1,L1,w,storm,U1P10 U1P11 U5P12 U8P5
A2.2,1,L1,w,cover,U1P8 U1P5 U7P12 U10P2
A2.2,1,L1,w,rubble,U1P8 U1P4 U2P12 U4P5
A2.2,1,L1,w,cost,U1P4 U1P8 U5P12 U10P9
A2.2,1,L1,w,safe,U1P8 U1P11 U8P12 U10P5
A2.2,1,L1,w,ready,U1P10 U1P3 U7P12 U8P2
A2.2,1,L1,w,lucky,U1P3 U1P4 U5P12 U9P10
A2.2,1,L1,w,foolish,U1P4 U1P10 U3P12 U4P2
A2.2,1,L1,c,at risk,U1P11 U1P8 U2P12 U9P2
A2.2,1,L1,c,take a risk,U1P3 U1P5 U3P12 U8P10
A2.2,1,L1,c,in time,U1P5 U1P3 U6P12 U10P9
A2.2,1,L1,c,the worst of it,U1P10 U1P5 U3P12 U8P9
A2.2,1,L1,p,put up with,U1P11 U1P8 U2P12 U5P2
A2.2,1,L1,f,we were lucky,U1P3 U1P10 U2P12 U9P2
A2.2,1,L2,w,would,U1P4 U1P10 U3P12 U8P9
A2.2,1,L2,w,supposing,U1P3 U1P11 U5P12 U8P9
A2.2,1,L2,w,maybe,U1P4 U1P8 U5P12 U9P2
A2.2,1,L2,w,unless,U1P8 U1P3 U4P12 U5P9
A2.2,1,L2,w,otherwise,U1P5 U1P4 U3P12 U6P5
A2.2,1,L2,w,instead,U1P5 U1P11 U5P12 U8P5
A2.2,1,L2,w,rather,U1P8 U1P5 U5P12 U10P5
A2.2,1,L2,w,honestly,U1P11 U1P5 U8P12 U9P5
A2.2,1,L2,w,probably,U1P8 U1P5 U6P12 U8P2
A2.2,1,L2,w,certainly,U1P11 U1P10 U6P12 U7P2
A2.2,1,L2,w,differently,U1P10 U1P3 U4P12 U10P10
A2.2,1,L2,c,would have,U1P8 U1P10 U5P12 U9P10
A2.2,1,L2,c,I'd rather,U1P5 U1P10 U3P12 U4P9
A2.2,1,L2,c,if I were you,U1P4 U1P10 U4P12 U9P2
A2.2,1,L2,c,in your place,U1P11 U1P10 U8P12 U9P5
A2.2,1,L2,p,think twice,U1P11 U1P10 U2P12 U7P10
A2.2,1,L2,f,what would you do,U1P5 U1P10 U4P12 U6P5
A2.2,2,L1,w,repair,U2P4 U2P8 U5P12 U6P2
A2.2,2,L1,w,progress,U2P4 U2P11 U3P12 U10P10
A2.2,2,L1,w,rebuild,U2P10 U2P5 U3P12 U6P2
A2.2,2,L1,w,clear,U2P10 U2P3 U5P12 U7P10
A2.2,2,L1,w,fix,U2P5 U2P3 U8P12 U9P10
A2.2,2,L1,w,finish,U2P5 U2P4 U6P12 U10P10
A2.2,2,L1,w,ongoing,U2P3 U2P11 U6P12 U10P10
A2.2,2,L1,w,slow,U2P8 U2P10 U3P12 U7P9
A2.2,2,L1,w,steady,U2P3 U2P11 U9P12 U10P5
A2.2,2,L1,w,volunteer,U2P4 U2P10 U3P12 U9P5
A2.2,2,L1,w,council,U2P11 U2P10 U7P12 U10P10
A2.2,2,L1,w,funding,U2P5 U2P3 U7P12 U10P9
A2.2,2,L1,w,delay,U2P3 U2P8 U7P12 U8P2
A2.2,2,L1,w,scaffolding,U2P3 U2P8 U4P12 U6P5
A2.2,2,L1,w,site,U2P10 U2P3 U7P12 U10P2
A2.2,2,L1,w,contractor,U2P5 U2P10 U8P12 U10P2
A2.2,2,L1,w,temporary,U2P5 U2P3 U3P12 U7P9
A2.2,2,L1,c,get on with,U2P3 U2P11 U6P12 U10P10
A2.2,2,L1,c,bit by bit,U2P11 U2P5 U3P12 U8P5
A2.2,2,L1,c,nowhere near,U2P5 U2P11 U7P12 U9P9
A2.2,2,L1,c,behind schedule,U2P5 U2P4 U6P12 U7P10
A2.2,2,L1,p,hold up,U2P5 U2P11 U4P12 U7P5
A2.2,2,L1,f,it's getting there,U2P4 U2P5 U3P12 U9P9
A2.2,2,L2,w,since,U2P11 U2P8 U3P12 U4P5
A2.2,2,L2,w,for,U2P3 U2P10 U4P12 U9P10
A2.2,2,L2,w,lately,U2P5 U2P4 U4P12 U7P5
A2.2,2,L2,w,recently,U2P8 U2P3 U4P12 U8P2
A2.2,2,L2,w,still,U2P3 U2P5 U6P12 U9P5
A2.2,2,L2,w,finally,U2P3 U2P10 U3P12 U9P2
A2.2,2,L2,w,yet,U2P10 U2P11 U8P12 U9P10
A2.2,2,L2,w,constantly,U2P8 U2P4 U8P12 U9P9
A2.2,2,L2,w,non-stop,U2P3 U2P11 U5P12 U6P9
A2.2,2,L2,w,throughout,U2P11 U2P8 U9P12 U10P10
A2.2,2,L2,w,ever,U2P8 U2P10 U4P12 U7P9
A2.2,2,L2,c,all this time,U2P11 U2P3 U3P12 U6P9
A2.2,2,L2,c,all week,U2P5 U2P3 U3P12 U9P5
A2.2,2,L2,c,on and off,U2P5 U2P10 U7P12 U10P2
A2.2,2,L2,c,day after day,U2P11 U2P8 U8P12 U10P5
A2.2,2,L2,p,carry on,U2P10 U2P8 U3P12 U6P5
A2.2,2,L2,f,we've been at it,U2P3 U2P10 U7P12 U8P10
A2.2,3,L1,w,cause,U3P8 U3P3 U5P12 U7P10
A2.2,3,L1,w,blame,U3P11 U3P8 U4P12 U8P5
A2.2,3,L1,w,fault,U3P4 U3P3 U6P12 U8P2
A2.2,3,L1,w,inquiry,U3P10 U3P8 U5P12 U10P10
A2.2,3,L1,w,evidence,U3P4 U3P8 U9P12 U10P9
A2.2,3,L1,w,witness,U3P3 U3P10 U5P12 U6P2
A2.2,3,L1,w,report,U3P10 U3P8 U4P12 U6P9
A2.2,3,L1,w,warn,U3P3 U3P11 U5P12 U9P2
A2.2,3,L1,w,ignore,U3P8 U3P5 U8P12 U10P9
A2.2,3,L1,w,decide,U3P10 U3P5 U5P12 U8P10
A2.2,3,L1,w,mistake,U3P5 U3P4 U5P12 U9P9
A2.2,3,L1,w,responsible,U3P10 U3P4 U5P12 U7P2
A2.2,3,L1,w,earlier,U3P5 U3P11 U7P12 U8P9
A2.2,3,L1,w,previous,U3P11 U3P3 U4P12 U7P2
A2.2,3,L1,w,official,U3P4 U3P5 U7P12 U10P9
A2.2,3,L1,w,minute,U3P4 U3P11 U9P12 U10P10
A2.2,3,L1,w,record,U3P3 U3P11 U4P12 U10P10
A2.2,3,L1,c,look into,U3P8 U3P3 U4P12 U8P5
A2.2,3,L1,c,put down to,U3P5 U3P3 U7P12 U8P10
A2.2,3,L1,c,at the time,U3P10 U3P3 U4P12 U10P5
A2.2,3,L1,c,in hindsight,U3P8 U3P5 U5P12 U8P2
A2.2,3,L1,p,find out,U3P11 U3P8 U4P12 U10P10
A2.2,3,L1,f,nobody saw it coming,U3P3 U3P10 U4P12 U6P10
A2.2,3,L2,w,had,U3P4 U3P8 U5P12 U9P5
A2.2,3,L2,w,before,U3P8 U3P3 U8P12 U9P9
A2.2,3,L2,w,after,U3P3 U3P11 U6P12 U7P10
A2.2,3,L2,w,once,U3P8 U3P3 U9P12 U10P9
A2.2,3,L2,w,already,U3P5 U3P4 U5P12 U7P10
A2.2,3,L2,w,just,U3P11 U3P5 U5P12 U9P2
A2.2,3,L2,w,by,U3P8 U3P10 U8P12 U10P5
A2.2,3,L2,w,until,U3P5 U3P11 U6P12 U8P10
A2.2,3,L2,w,then,U3P3 U3P10 U5P12 U7P2
A2.2,3,L2,w,afterwards,U3P8 U3P10 U6P12 U10P9
A2.2,3,L2,w,previously,U3P8 U3P10 U7P12 U9P5
A2.2,3,L2,c,by the time,U3P10 U3P4 U7P12 U8P2
A2.2,3,L2,c,as soon as,U3P8 U3P4 U5P12 U9P10
A2.2,3,L2,c,the night before,U3P4 U3P5 U4P12 U10P9
A2.2,3,L2,c,up to that point,U3P8 U3P3 U4P12 U5P10
A2.2,3,L2,p,go back over,U3P8 U3P3 U7P12 U8P10
A2.2,3,L2,f,it had already started,U3P4 U3P11 U6P12 U9P5
A2.2,4,L1,w,claim,U4P10 U4P5 U6P12 U9P5
A2.2,4,L1,w,source,U4P5 U4P11 U8P12 U10P10
A2.2,4,L1,w,quote,U4P11 U4P10 U8P12 U9P10
A2.2,4,L1,w,deny,U4P11 U4P4 U7P12 U9P5
A2.2,4,L1,w,confirm,U4P4 U4P5 U6P12 U8P10
A2.2,4,L1,w,accurate,U4P8 U4P11 U8P12 U9P10
A2.2,4,L1,w,exact,U4P8 U4P10 U7P12 U8P5
A2.2,4,L1,w,version,U4P3 U4P10 U7P12 U8P9
A2.2,4,L1,w,account,U4P5 U4P4 U7P12 U10P9
A2.2,4,L1,w,statement,U4P8 U4P10 U5P12 U6P9
A2.2,4,L1,w,footage,U4P8 U4P3 U7P12 U10P2
A2.2,4,L1,w,press,U4P11 U4P4 U5P12 U8P2
A2.2,4,L1,w,journalist,U4P11 U4P8 U6P12 U7P9
A2.2,4,L1,w,editor,U4P10 U4P3 U8P12 U9P2
A2.2,4,L1,w,correction,U4P10 U4P8 U5P12 U9P10
A2.2,4,L1,w,trust,U4P3 U4P10 U5P12 U8P9
A2.2,4,L1,w,doubt,U4P11 U4P4 U7P12 U9P2
A2.2,4,L1,c,according to,U4P4 U4P8 U8P12 U9P10
A2.2,4,L1,c,off the record,U4P3 U4P10 U9P12 U10P2
A2.2,4,L1,c,word for word,U4P8 U4P4 U5P12 U8P2
A2.2,4,L1,c,the full story,U4P5 U4P8 U7P12 U9P5
A2.2,4,L1,p,stand by,U4P8 U4P4 U9P12 U10P10
A2.2,4,L1,f,that's what she said,U4P3 U4P5 U7P12 U9P10
A2.2,4,L2,w,say,U4P5 U4P10 U8P12 U9P9
A2.2,4,L2,w,tell,U4P10 U4P8 U8P12 U10P5
A2.2,4,L2,w,state,U4P4 U4P10 U7P12 U8P5
A2.2,4,L2,w,admit,U4P11 U4P5 U6P12 U7P10
A2.2,4,L2,w,add,U4P11 U4P3 U6P12 U7P10
A2.2,4,L2,w,insist,U4P3 U4P5 U6P12 U7P2
A2.2,4,L2,w,mention,U4P5 U4P11 U7P12 U9P5
A2.2,4,L2,w,repeat,U4P11 U4P4 U5P12 U8P10
A2.2,4,L2,w,reveal,U4P10 U4P4 U7P12 U10P5
A2.2,4,L2,w,reply,U4P4 U4P3 U5P12 U6P2
A2.2,4,L2,w,announce,U4P11 U4P8 U5P12 U9P5
A2.2,4,L2,c,tell somebody that,U4P10 U4P3 U8P12 U9P10
A2.2,4,L2,c,say that,U4P8 U4P3 U5P12 U7P9
A2.2,4,L2,c,go on to say,U4P3 U4P5 U7P12 U8P9
A2.2,4,L2,c,refuse to comment,U4P5 U4P3 U5P12 U6P5
A2.2,4,L2,p,point out,U4P10 U4P8 U9P12 U10P10
A2.2,4,L2,f,or words to that effect,U4P11 U4P8 U6P12 U8P5
A2.2,5,L1,w,interview,U5P3 U5P10 U8P12 U10P2
A2.2,5,L1,w,question,U5P11 U5P4 U6P12 U9P5
A2.2,5,L1,w,answer,U5P3 U5P10 U7P12 U10P2
A2.2,5,L1,w,investigation,U5P4 U5P10 U6P12 U10P9
A2.2,5,L1,w,detail,U5P8 U5P5 U7P12 U9P2
A2.2,5,L1,w,follow-up,U5P4 U5P11 U6P12 U10P5
A2.2,5,L1,w,pressure,U5P11 U5P3 U8P12 U9P10
A2.2,5,L1,w,avoid,U5P3 U5P4 U7P12 U9P9
A2.2,5,L1,w,honest,U5P3 U5P5 U7P12 U9P9
A2.2,5,L1,w,direct,U5P5 U5P11 U8P12 U10P10
A2.2,5,L1,w,awkward,U5P5 U5P10 U6P12 U8P5
A2.2,5,L1,w,silence,U5P4 U5P11 U6P12 U8P2
A2.2,5,L1,w,notebook,U5P4 U5P3 U7P12 U10P5
A2.2,5,L1,w,recorder,U5P4 U5P11 U6P12 U10P2
A2.2,5,L1,w,consent,U5P10 U5P5 U8P12 U9P5
A2.2,5,L1,w,permission,U5P4 U5P5 U6P12 U8P10
A2.2,5,L1,w,anonymous,U5P3 U5P10 U6P12 U10P5
A2.2,5,L1,c,put a question,U5P10 U5P3 U6P12 U7P10
A2.2,5,L1,c,get an answer,U5P4 U5P10 U7P12 U8P9
A2.2,5,L1,c,press somebody,U5P5 U5P11 U8P12 U10P5
A2.2,5,L1,c,on the record,U5P8 U5P4 U6P12 U7P9
A2.2,5,L1,p,dig into,U5P10 U5P4 U6P12 U8P2
A2.2,5,L1,f,no comment,U5P5 U5P11 U8P12 U10P5
A2.2,5,L2,w,ask,U5P4 U5P11 U6P12 U8P10
A2.2,5,L2,w,want,U5P10 U5P3 U8P12 U10P9
A2.2,5,L2,w,order,U5P11 U5P10 U7P12 U10P5
A2.2,5,L2,w,advise,U5P8 U5P4 U8P12 U10P9
A2.2,5,L2,w,remind,U5P10 U5P8 U9P12 U10P5
A2.2,5,L2,w,beg,U5P5 U5P11 U6P12 U8P2
A2.2,5,L2,w,invite,U5P4 U5P10 U6P12 U8P5
A2.2,5,L2,w,encourage,U5P4 U5P3 U7P12 U8P2
A2.2,5,L2,w,refuse,U5P10 U5P4 U7P12 U10P9
A2.2,5,L2,w,whether,U5P4 U5P5 U6P12 U9P10
A2.2,5,L2,w,if,U5P10 U5P3 U9P12 U10P9
A2.2,5,L2,c,ask somebody to,U5P11 U5P10 U7P12 U8P10
A2.2,5,L2,c,tell somebody to,U5P3 U5P8 U6P12 U10P5
A2.2,5,L2,c,want somebody to,U5P11 U5P4 U6P12 U9P2
A2.2,5,L2,c,ask whether,U5P10 U5P11 U7P12 U9P2
A2.2,5,L2,p,back off,U5P11 U5P10 U7P12 U9P9
A2.2,5,L2,f,she wanted to know,U5P10 U5P8 U8P12 U10P10
A2.2,6,L1,w,mystery,U6P8 U6P4 U7P12 U8P2
A2.2,6,L1,w,theory,U6P10 U6P5 U7P12 U8P2
A2.2,6,L1,w,guess,U6P5 U6P3 U8P12 U9P9
A2.2,6,L1,w,suspect,U6P11 U6P8 U8P12 U9P2
A2.2,6,L1,w,clue,U6P3 U6P4 U8P12 U9P10
A2.2,6,L1,w,explain,U6P3 U6P5 U8P12 U9P5
A2.2,6,L1,w,unlikely,U6P11 U6P3 U8P12 U10P2
A2.2,6,L1,w,obvious,U6P8 U6P3 U8P12 U10P2
A2.2,6,L1,w,strange,U6P4 U6P10 U7P12 U9P9
A2.2,6,L1,w,empty,U6P10 U6P8 U7P12 U9P10
A2.2,6,L1,w,missing,U6P8 U6P10 U8P12 U10P9
A2.2,6,L1,w,wreck,U6P8 U6P5 U9P12 U10P10
A2.2,6,L1,w,tide,U6P10 U6P8 U9P12 U10P10
A2.2,6,L1,w,current,U6P5 U6P3 U7P12 U9P10
A2.2,6,L1,w,insurance,U6P11 U6P5 U7P12 U10P9
A2.2,6,L1,w,payout,U6P3 U6P5 U8P12 U9P5
A2.2,6,L1,w,coastguard,U6P5 U6P11 U7P12 U8P10
A2.2,6,L1,c,make sense,U6P5 U6P3 U8P12 U10P10
A2.2,6,L1,c,rule out,U6P4 U6P11 U9P12 U10P9
A2.2,6,L1,c,the only explanation,U6P3 U6P4 U7P12 U10P10
A2.2,6,L1,c,more likely,U6P11 U6P10 U8P12 U9P2
A2.2,6,L1,p,turn up,U6P3 U6P8 U8P12 U10P5
A2.2,6,L1,f,we may never know,U6P4 U6P11 U7P12 U8P2
A2.2,6,L2,w,must,U6P11 U6P3 U7P12 U9P5
A2.2,6,L2,w,might,U6P8 U6P4 U7P12 U10P5
A2.2,6,L2,w,can't,U6P10 U6P3 U7P12 U10P2
A2.2,6,L2,w,could,U6P11 U6P5 U7P12 U10P10
A2.2,6,L2,w,surely,U6P3 U6P11 U8P12 U10P10
A2.2,6,L2,w,definitely,U6P3 U6P4 U8P12 U10P10
A2.2,6,L2,w,obviously,U6P5 U6P4 U8P12 U10P5
A2.2,6,L2,w,possibly,U6P11 U6P10 U8P12 U9P10
A2.2,6,L2,w,apparently,U6P4 U6P11 U8P12 U10P10
A2.2,6,L2,w,clearly,U6P8 U6P3 U7P12 U10P5
A2.2,6,L2,w,presumably,U6P11 U6P4 U9P12 U10P10
A2.2,6,L2,c,must have,U6P3 U6P8 U8P12 U9P10
A2.2,6,L2,c,might have,U6P8 U6P3 U7P12 U8P10
A2.2,6,L2,c,can't have,U6P10 U6P5 U7P12 U10P2
A2.2,6,L2,c,it's possible that,U6P3 U6P10 U8P12 U9P9
A2.2,6,L2,p,work out,U6P4 U6P5 U7P12 U8P9
A2.2,6,L2,f,that explains it,U6P8 U6P3 U7P12 U10P2
A2.2,7,L1,w,career,U7P8 U7P4 U8P12 U10P2
A2.2,7,L1,w,ambition,U7P11 U7P10 U8P12 U9P5
A2.2,7,L1,w,plan,U7P10 U7P4 U8P12 U9P2
A2.2,7,L1,w,apply,U7P11 U7P10 U8P12 U9P10
A2.2,7,L1,w,qualify,U7P3 U7P10 U9P12 U10P10
A2.2,7,L1,w,training,U7P10 U7P11 U8P12 U9P10
A2.2,7,L1,w,course,U7P11 U7P5 U8P12 U10P5
A2.2,7,L1,w,promotion,U7P11 U7P3 U8P12 U9P5
A2.2,7,L1,w,contract,U7P11 U7P3 U8P12 U10P5
A2.2,7,L1,w,season,U7P10 U7P4 U8P12 U10P10
A2.2,7,L1,w,crew,U7P10 U7P3 U9P12 U10P5
A2.2,7,L1,w,boatyard,U7P11 U7P5 U8P12 U10P10
A2.2,7,L1,w,leave,U7P3 U7P4 U8P12 U9P2
A2.2,7,L1,w,return,U7P8 U7P5 U8P12 U10P9
A2.2,7,L1,w,settle,U7P11 U7P8 U8P12 U10P5
A2.2,7,L1,w,chance,U7P4 U7P5 U8P12 U10P5
A2.2,7,L1,w,future,U7P5 U7P11 U8P12 U10P5
A2.2,7,L1,c,this time next year,U7P11 U7P4 U8P12 U10P5
A2.2,7,L1,c,by then,U7P11 U7P4 U8P12 U9P5
A2.2,7,L1,c,look for work,U7P3 U7P11 U9P12 U10P2
A2.2,7,L1,c,a fresh start,U7P8 U7P4 U8P12 U9P9
A2.2,7,L1,p,take on,U7P11 U7P5 U9P12 U10P2
A2.2,7,L1,f,we'll see where we are,U7P8 U7P11 U9P12 U10P5
A2.2,7,L2,w,will,U7P8 U7P11 U8P12 U10P10
A2.2,7,L2,w,going,U7P4 U7P3 U9P12 U10P10
A2.2,7,L2,w,soon,U7P10 U7P5 U8P12 U10P9
A2.2,7,L2,w,shortly,U7P5 U7P8 U8P12 U10P5
A2.2,7,L2,w,eventually,U7P4 U7P3 U8P12 U9P5
A2.2,7,L2,w,meanwhile,U7P3 U7P5 U9P12 U10P5
A2.2,7,L2,w,onwards,U7P8 U7P3 U8P12 U9P2
A2.2,7,L2,w,hopefully,U7P4 U7P5 U9P12 U10P5
A2.2,7,L2,w,likely,U7P8 U7P5 U8P12 U9P10
A2.2,7,L2,w,later,U7P4 U7P8 U8P12 U10P10
A2.2,7,L2,w,ahead,U7P4 U7P11 U8P12 U9P5
A2.2,7,L2,c,be doing,U7P11 U7P5 U8P12 U9P9
A2.2,7,L2,c,this time next,U7P4 U7P11 U8P12 U9P5
A2.2,7,L2,c,by the end of,U7P8 U7P10 U9P12 U10P5
A2.2,7,L2,c,in a year's time,U7P4 U7P8 U8P12 U10P5
A2.2,7,L2,p,end up,U7P4 U7P10 U8P12 U9P10
A2.2,7,L2,f,I'll still be here,U7P11 U7P10 U8P12 U10P5
A2.2,8,L1,w,harbour,U8P4 U8P3 U9P12 U10P10
A2.2,8,L1,w,pier,U8P8 U8P4 U9P12 U10P5
A2.2,8,L1,w,headland,U8P11 U8P5 U9P12 U10P5
A2.2,8,L1,w,cliff,U8P3 U8P11 U9P12 U10P9
A2.2,8,L1,w,bay,U8P3 U8P5 U9P12 U10P9
A2.2,8,L1,w,lighthouse,U8P11 U8P8 U9P12 U10P2
A2.2,8,L1,w,hall,U8P3 U8P4 U9P12 U10P5
A2.2,8,L1,w,church,U8P3 U8P10 U9P12 U10P9
A2.2,8,L1,w,ruin,U8P3 U8P4 U9P12 U10P5
A2.2,8,L1,w,landmark,U8P3 U8P11 U9P12 U10P9
A2.2,8,L1,w,founded,U8P4 U8P10 U9P12 U10P5
A2.2,8,L1,w,destroyed,U8P8 U8P11 U9P12 U10P2
A2.2,8,L1,w,restored,U8P11 U8P10 U9P12 U10P2
A2.2,8,L1,w,visitor,U8P4 U8P5 U9P12 U10P2
A2.2,8,L1,w,heritage,U8P8 U8P5 U9P12 U10P10
A2.2,8,L1,w,plaque,U8P10 U8P3 U9P12 U10P9
A2.2,8,L1,w,view,U8P3 U8P8 U9P12 U10P5
A2.2,8,L1,c,dates from,U8P3 U8P10 U9P12 U10P9
A2.2,8,L1,c,named after,U8P11 U8P10 U9P12 U10P5
A2.2,8,L1,c,worth seeing,U8P5 U8P3 U9P12 U10P5
A2.2,8,L1,c,off the main road,U8P10 U8P11 U9P12 U10P2
A2.2,8,L1,p,look out over,U8P8 U8P11 U9P12 U10P9
A2.2,8,L1,f,you'd never know,U8P10 U8P5 U9P12 U10P9
A2.2,8,L2,w,which,U8P11 U8P3 U9P12 U10P5
A2.2,8,L2,w,who,U8P11 U8P3 U9P12 U10P2
A2.2,8,L2,w,where,U8P10 U8P11 U9P12 U10P5
A2.2,8,L2,w,whose,U8P8 U8P4 U9P12 U10P10
A2.2,8,L2,w,when,U8P8 U8P10 U9P12 U10P10
A2.2,8,L2,w,however,U8P8 U8P11 U9P12 U10P2
A2.2,8,L2,w,although,U8P11 U8P5 U9P12 U10P9
A2.2,8,L2,w,also,U8P4 U8P3 U9P12 U10P2
A2.2,8,L2,w,besides,U8P3 U8P4 U9P12 U10P5
A2.2,8,L2,w,moreover,U8P8 U8P5 U9P12 U10P2
A2.2,8,L2,w,actually,U8P8 U8P3 U9P12 U10P9
A2.2,8,L2,c,most of which,U8P4 U8P10 U9P12 U10P2
A2.2,8,L2,c,all of whom,U8P8 U8P10 U9P12 U10P9
A2.2,8,L2,c,by the way,U8P11 U8P4 U9P12 U10P10
A2.2,8,L2,c,which is why,U8P3 U8P10 U9P12 U10P10
A2.2,8,L2,p,come across,U8P3 U8P11 U9P12 U10P5
A2.2,8,L2,f,and that's the part nobody mentions,U8P4 U8P11 U9P12 U10P10
A2.2,9,L1,w,fund,U9P4 U9P5 U10P12 nextbookP12
A2.2,9,L1,w,relief,U9P8 U9P10 U10P12 nextbookP12
A2.2,9,L1,w,money,U9P8 U9P4 U10P12 nextbookP12
A2.2,9,L1,w,share,U9P11 U9P3 U10P12 nextbookP12
A2.2,9,L1,w,allocate,U9P11 U9P10 U10P12 nextbookP12
A2.2,9,L1,w,request,U9P11 U9P4 U10P12 nextbookP12
A2.2,9,L1,w,grant,U9P8 U9P10 U10P12 nextbookP12
A2.2,9,L1,w,fair,U9P5 U9P3 U10P12 nextbookP12
A2.2,9,L1,w,equal,U9P5 U9P11 U10P12 nextbookP12
A2.2,9,L1,w,priority,U9P10 U9P11 U10P12 nextbookP12
A2.2,9,L1,w,shortage,U9P10 U9P11 U10P12 nextbookP12
A2.2,9,L1,w,supply,U9P5 U9P11 U10P12 nextbookP12
A2.2,9,L1,w,remaining,U9P8 U9P11 U10P12 nextbookP12
A2.2,9,L1,w,spare,U9P10 U9P5 U10P12 nextbookP12
A2.2,9,L1,w,enough,U9P10 U9P5 U10P12 nextbookP12
A2.2,9,L1,w,limited,U9P5 U9P10 U10P12 nextbookP12
A2.2,9,L1,w,total,U9P3 U9P5 U10P12 nextbookP12
A2.2,9,L1,c,run out of,U9P3 U9P4 U10P12 nextbookP12
A2.2,9,L1,c,go round,U9P4 U9P5 U10P12 nextbookP12
A2.2,9,L1,c,set aside,U9P8 U9P5 U10P12 nextbookP12
A2.2,9,L1,c,a fair share,U9P11 U9P5 U10P12 nextbookP12
A2.2,9,L1,p,use up,U9P4 U9P5 U10P12 nextbookP12
A2.2,9,L1,f,there isn't enough to go round,U9P4 U9P10 U10P12 nextbookP12
A2.2,9,L2,w,all,U9P3 U9P10 U10P12 nextbookP12
A2.2,9,L2,w,most,U9P10 U9P8 U10P12 nextbookP12
A2.2,9,L2,w,both,U9P10 U9P8 U10P12 nextbookP12
A2.2,9,L2,w,neither,U9P3 U9P8 U10P12 nextbookP12
A2.2,9,L2,w,either,U9P5 U9P10 U10P12 nextbookP12
A2.2,9,L2,w,none,U9P10 U9P3 U10P12 nextbookP12
A2.2,9,L2,w,several,U9P8 U9P4 U10P12 nextbookP12
A2.2,9,L2,w,few,U9P10 U9P5 U10P12 nextbookP12
A2.2,9,L2,w,plenty,U9P3 U9P4 U10P12 nextbookP12
A2.2,9,L2,w,half,U9P8 U9P4 U10P12 nextbookP12
A2.2,9,L2,w,each,U9P8 U9P4 U10P12 nextbookP12
A2.2,9,L2,c,most of them,U9P5 U9P8 U10P12 nextbookP12
A2.2,9,L2,c,none of it,U9P11 U9P8 U10P12 nextbookP12
A2.2,9,L2,c,a couple of,U9P8 U9P5 U10P12 nextbookP12
A2.2,9,L2,c,the rest of,U9P5 U9P4 U10P12 nextbookP12
A2.2,9,L2,p,split up,U9P8 U9P11 U10P12 nextbookP12
A2.2,9,L2,f,"some of us, not all",U9P8 U9P5 U10P12 nextbookP12
A2.2,10,L1,w,identity,U10P8 U10P4 nextbookP12 nextbookP12
A2.2,10,L1,w,change,U10P8 U10P4 nextbookP12 nextbookP12
A2.2,10,L1,w,name,U10P4 U10P11 nextbookP12 nextbookP12
A2.2,10,L1,w,rename,U10P3 U10P8 nextbookP12 nextbookP12
A2.2,10,L1,w,belong,U10P11 U10P10 nextbookP12 nextbookP12
A2.2,10,L1,w,community,U10P5 U10P8 nextbookP12 nextbookP12
A2.2,10,L1,w,memory,U10P10 U10P8 nextbookP12 nextbookP12
A2.2,10,L1,w,story,U10P11 U10P3 nextbookP12 nextbookP12
A2.2,10,L1,w,reputation,U10P3 U10P8 nextbookP12 nextbookP12
A2.2,10,L1,w,newcomer,U10P10 U10P8 nextbookP12 nextbookP12
A2.2,10,L1,w,outsider,U10P5 U10P4 nextbookP12 nextbookP12
A2.2,10,L1,w,local,U10P11 U10P3 nextbookP12 nextbookP12
A2.2,10,L1,w,proud,U10P10 U10P11 nextbookP12 nextbookP12
A2.2,10,L1,w,ashamed,U10P11 U10P4 nextbookP12 nextbookP12
A2.2,10,L1,w,genuine,U10P11 U10P5 nextbookP12 nextbookP12
A2.2,10,L1,w,marketing,U10P8 U10P4 nextbookP12 nextbookP12
A2.2,10,L1,w,truth,U10P11 U10P3 nextbookP12 nextbookP12
A2.2,10,L1,c,put it behind us,U10P5 U10P8 nextbookP12 nextbookP12
A2.2,10,L1,c,move on,U10P3 U10P4 nextbookP12 nextbookP12
A2.2,10,L1,c,the town that,U10P8 U10P3 nextbookP12 nextbookP12
A2.2,10,L1,c,tell the truth,U10P5 U10P10 nextbookP12 nextbookP12
A2.2,10,L1,p,live down,U10P11 U10P3 nextbookP12 nextbookP12
A2.2,10,L1,f,that's not what happened,U10P4 U10P8 nextbookP12 nextbookP12
A2.2,10,L2,w,the,U10P5 U10P10 nextbookP12 nextbookP12
A2.2,10,L2,w,a,U10P3 U10P8 nextbookP12 nextbookP12
A2.2,10,L2,w,an,U10P8 U10P4 nextbookP12 nextbookP12
A2.2,10,L2,w,some,U10P10 U10P8 nextbookP12 nextbookP12
A2.2,10,L2,w,any,U10P11 U10P10 nextbookP12 nextbookP12
A2.2,10,L2,w,this,U10P11 U10P10 nextbookP12 nextbookP12
A2.2,10,L2,w,that,U10P11 U10P5 nextbookP12 nextbookP12
A2.2,10,L2,w,these,U10P3 U10P4 nextbookP12 nextbookP12
A2.2,10,L2,w,those,U10P5 U10P10 nextbookP12 nextbookP12
A2.2,10,L2,w,such,U10P5 U10P3 nextbookP12 nextbookP12
A2.2,10,L2,w,own,U10P3 U10P10 nextbookP12 nextbookP12
A2.2,10,L2,c,the whole thing,U10P4 U10P8 nextbookP12 nextbookP12
A2.2,10,L2,c,a kind of,U10P11 U10P4 nextbookP12 nextbookP12
A2.2,10,L2,c,the one who,U10P8 U10P4 nextbookP12 nextbookP12
A2.2,10,L2,c,in the end,U10P4 U10P8 nextbookP12 nextbookP12
A2.2,10,L2,p,sum up,U10P10 U10P8 nextbookP12 nextbookP12
A2.2,10,L2,f,it's not that simple,U10P4 U10P10 nextbookP12 nextbookP12
B1.1,1,L1,w,pavement,U1P10 U1P5 U9P12 U10P5
B1.1,1,L1,w,kerb,U1P10 U1P8 U8P12 U9P10
B1.1,1,L1,w,plot,U1P4 U1P11 U2P12 U5P10
B1.1,1,L1,w,frontage,U1P8 U1P3 U4P12 U8P9
B1.1,1,L1,w,hoarding,U1P10 U1P4 U3P12 U7P2
B1.1,1,L1,w,scaffolding,U1P5 U1P8 U8P12 U9P2
B1.1,1,L1,w,demolish,U1P11 U1P10 U7P12 U8P9
B1.1,1,L1,w,redevelop,U1P10 U1P8 U5P12 U6P10
B1.1,1,L1,w,tenant,U1P4 U1P10 U4P12 U8P10
B1.1,1,L1,w,landlord,U1P4 U1P8 U5P12 U9P5
B1.1,1,L1,w,rent,U1P10 U1P11 U2P12 U9P9
B1.1,1,L1,w,derelict,U1P4 U1P10 U3P12 U5P2
B1.1,1,L1,c,planning permission,U1P3 U1P8 U9P12 U10P2
B1.1,1,L1,c,mixed use,U1P4 U1P3 U3P12 U10P5
B1.1,1,L1,c,rising rents,U1P11 U1P3 U4P12 U7P5
B1.1,1,L1,c,a block of flats,U1P11 U1P4 U3P12 U8P5
B1.1,1,L1,c,the ground floor,U1P4 U1P11 U6P12 U7P10
B1.1,1,L1,c,priced out,U1P3 U1P10 U7P12 U10P5
B1.1,1,L1,p,put up,U1P3 U1P5 U4P12 U7P2
B1.1,1,L1,p,knock down,U1P3 U1P5 U6P12 U7P10
B1.1,1,L1,p,move out,U1P11 U1P10 U6P12 U9P10
B1.1,1,L1,p,do up,U1P3 U1P11 U6P12 U8P10
B1.1,1,L1,f,the way things were,U1P4 U1P11 U4P12 U6P5
B1.1,1,L1,f,it's not what it was,U1P4 U1P3 U3P12 U4P5
B1.1,1,L2,w,until,U1P5 U1P3 U9P12 U10P2
B1.1,1,L2,w,eventually,U1P3 U1P11 U3P12 U8P2
B1.1,1,L2,w,previously,U1P8 U1P10 U2P12 U8P10
B1.1,1,L2,w,subsequently,U1P8 U1P5 U2P12 U8P10
B1.1,1,L2,w,meanwhile,U1P10 U1P3 U5P12 U9P10
B1.1,1,L2,w,initially,U1P10 U1P5 U9P12 U10P10
B1.1,1,L2,w,afterwards,U1P8 U1P10 U8P12 U9P2
B1.1,1,L2,w,originally,U1P3 U1P10 U6P12 U9P10
B1.1,1,L2,w,formerly,U1P3 U1P5 U5P12 U9P10
B1.1,1,L2,w,thereafter,U1P4 U1P3 U5P12 U7P2
B1.1,1,L2,w,overnight,U1P5 U1P11 U6P12 U8P5
B1.1,1,L2,c,by the time,U1P8 U1P10 U7P12 U10P10
B1.1,1,L2,c,by then,U1P4 U1P8 U5P12 U10P10
B1.1,1,L2,c,up to that point,U1P8 U1P4 U4P12 U8P10
B1.1,1,L2,c,ever since,U1P11 U1P4 U4P12 U8P9
B1.1,1,L2,c,from then on,U1P10 U1P11 U6P12 U9P2
B1.1,1,L2,c,at first,U1P4 U1P8 U3P12 U10P2
B1.1,1,L2,c,before long,U1P4 U1P5 U2P12 U10P5
B1.1,1,L2,p,date back,U1P5 U1P3 U2P12 U10P2
B1.1,1,L2,p,carry on,U1P8 U1P4 U4P12 U8P5
B1.1,1,L2,f,no sooner had we…,U1P11 U1P8 U5P12 U7P2
B1.1,2,L1,w,cost,U2P8 U2P10 U5P12 U8P9
B1.1,2,L1,w,margin,U2P4 U2P10 U5P12 U8P5
B1.1,2,L1,w,markup,U2P5 U2P10 U3P12 U6P5
B1.1,2,L1,w,overheads,U2P4 U2P10 U3P12 U10P10
B1.1,2,L1,w,wholesale,U2P11 U2P3 U5P12 U10P2
B1.1,2,L1,w,retail,U2P5 U2P11 U5P12 U9P2
B1.1,2,L1,w,supplier,U2P4 U2P3 U3P12 U6P10
B1.1,2,L1,w,invoice,U2P5 U2P4 U7P12 U10P10
B1.1,2,L1,w,deposit,U2P8 U2P3 U3P12 U5P10
B1.1,2,L1,w,instalment,U2P5 U2P8 U7P12 U8P9
B1.1,2,L1,w,subsidy,U2P10 U2P3 U3P12 U9P10
B1.1,2,L1,w,undercut,U2P10 U2P11 U6P12 U10P9
B1.1,2,L1,c,the going rate,U2P3 U2P8 U6P12 U9P9
B1.1,2,L1,c,a fair price,U2P3 U2P10 U3P12 U7P10
B1.1,2,L1,c,value for money,U2P5 U2P3 U4P12 U9P10
B1.1,2,L1,c,unpaid work,U2P5 U2P10 U6P12 U10P10
B1.1,2,L1,c,break even,U2P4 U2P3 U7P12 U8P10
B1.1,2,L1,c,the bottom line,U2P4 U2P3 U3P12 U9P10
B1.1,2,L1,p,add up,U2P11 U2P4 U3P12 U6P10
B1.1,2,L1,p,knock off,U2P10 U2P5 U5P12 U6P5
B1.1,2,L1,p,mark up,U2P4 U2P11 U6P12 U9P5
B1.1,2,L1,p,bump up,U2P10 U2P3 U3P12 U7P5
B1.1,2,L1,f,you get what you pay for,U2P10 U2P4 U4P12 U8P5
B1.1,2,L1,f,it doesn't add up,U2P3 U2P11 U4P12 U7P2
B1.1,2,L2,w,ongoing,U2P8 U2P11 U8P12 U10P2
B1.1,2,L2,w,repeatedly,U2P3 U2P11 U9P12 U10P9
B1.1,2,L2,w,gradually,U2P3 U2P5 U3P12 U5P5
B1.1,2,L2,w,steadily,U2P8 U2P10 U6P12 U7P10
B1.1,2,L2,w,incomplete,U2P3 U2P8 U3P12 U7P10
B1.1,2,L2,w,outstanding,U2P4 U2P3 U3P12 U5P2
B1.1,2,L2,w,cumulative,U2P4 U2P10 U7P12 U9P2
B1.1,2,L2,w,intermittent,U2P4 U2P10 U5P12 U9P9
B1.1,2,L2,w,provisional,U2P10 U2P8 U6P12 U9P9
B1.1,2,L2,w,finalised,U2P3 U2P11 U8P12 U9P10
B1.1,2,L2,w,throughout,U2P8 U2P11 U4P12 U9P9
B1.1,2,L2,c,so far,U2P10 U2P3 U3P12 U9P2
B1.1,2,L2,c,up to now,U2P11 U2P10 U6P12 U9P5
B1.1,2,L2,c,for the last six months,U2P4 U2P10 U4P12 U10P9
B1.1,2,L2,c,all morning,U2P3 U2P11 U3P12 U10P10
B1.1,2,L2,c,twice already,U2P5 U2P3 U3P12 U9P9
B1.1,2,L2,c,bit by bit,U2P5 U2P8 U3P12 U5P10
B1.1,2,L2,c,in one go,U2P11 U2P3 U6P12 U8P10
B1.1,2,L2,p,keep at,U2P10 U2P3 U3P12 U7P5
B1.1,2,L2,p,get through,U2P4 U2P11 U5P12 U6P10
B1.1,2,L2,f,I've been meaning to…,U2P4 U2P5 U3P12 U5P9
B1.1,3,L1,w,identity,U3P4 U3P10 U6P12 U8P9
B1.1,3,L1,w,passport,U3P5 U3P4 U8P12 U10P5
B1.1,3,L1,w,visa,U3P8 U3P4 U8P12 U9P5
B1.1,3,L1,w,residence,U3P4 U3P5 U4P12 U5P2
B1.1,3,L1,w,citizenship,U3P10 U3P4 U6P12 U7P2
B1.1,3,L1,w,surname,U3P5 U3P10 U7P12 U10P9
B1.1,3,L1,w,initials,U3P8 U3P10 U8P12 U9P10
B1.1,3,L1,w,nickname,U3P4 U3P3 U6P12 U10P9
B1.1,3,L1,w,pronounce,U3P10 U3P4 U8P12 U9P10
B1.1,3,L1,w,spelling,U3P8 U3P4 U5P12 U7P10
B1.1,3,L1,w,transliterate,U3P3 U3P8 U4P12 U7P2
B1.1,3,L1,w,misspell,U3P10 U3P5 U4P12 U6P10
B1.1,3,L1,c,legal name,U3P8 U3P4 U6P12 U9P10
B1.1,3,L1,c,maiden name,U3P4 U3P10 U5P12 U9P2
B1.1,3,L1,c,given name,U3P10 U3P4 U4P12 U5P5
B1.1,3,L1,c,birth certificate,U3P4 U3P5 U4P12 U10P5
B1.1,3,L1,c,proof of address,U3P10 U3P11 U8P12 U10P2
B1.1,3,L1,c,a common name,U3P4 U3P8 U6P12 U7P10
B1.1,3,L1,p,fill out,U3P10 U3P11 U4P12 U6P2
B1.1,3,L1,p,turn down,U3P3 U3P11 U7P12 U8P10
B1.1,3,L1,p,go by,U3P3 U3P11 U4P12 U8P5
B1.1,3,L1,p,sign off,U3P10 U3P3 U8P12 U10P9
B1.1,3,L1,f,for the record,U3P3 U3P11 U5P12 U9P5
B1.1,3,L1,f,it's a long story,U3P10 U3P8 U7P12 U10P5
B1.1,3,L2,w,intend,U3P8 U3P5 U5P12 U9P10
B1.1,3,L2,w,arrange,U3P3 U3P5 U5P12 U9P2
B1.1,3,L2,w,promise,U3P8 U3P3 U4P12 U7P9
B1.1,3,L2,w,commit,U3P8 U3P4 U6P12 U9P2
B1.1,3,L2,w,expect,U3P4 U3P5 U8P12 U10P10
B1.1,3,L2,w,aim,U3P8 U3P11 U4P12 U7P5
B1.1,3,L2,w,anticipate,U3P11 U3P5 U4P12 U9P9
B1.1,3,L2,w,hesitate,U3P8 U3P5 U4P12 U8P2
B1.1,3,L2,w,provisionally,U3P10 U3P4 U4P12 U7P10
B1.1,3,L2,w,imminently,U3P11 U3P5 U9P12 U10P5
B1.1,3,L2,w,shortly,U3P11 U3P3 U4P12 U10P5
B1.1,3,L2,c,be due to,U3P5 U3P4 U5P12 U8P9
B1.1,3,L2,c,be about to,U3P11 U3P10 U6P12 U9P9
B1.1,3,L2,c,be set to,U3P4 U3P5 U6P12 U8P2
B1.1,3,L2,c,be thinking of,U3P4 U3P8 U5P12 U7P2
B1.1,3,L2,c,be likely to,U3P4 U3P5 U4P12 U9P2
B1.1,3,L2,c,look set to,U3P10 U3P5 U6P12 U9P2
B1.1,3,L2,c,as things stand,U3P8 U3P11 U5P12 U7P9
B1.1,3,L2,p,put off,U3P10 U3P11 U5P12 U8P10
B1.1,3,L2,p,back out of,U3P10 U3P8 U7P12 U10P9
B1.1,3,L2,f,I was going to…,U3P11 U3P4 U4P12 U8P10
B1.1,4,L1,w,consent,U4P3 U4P4 U7P12 U8P2
B1.1,4,L1,w,duty,U4P11 U4P4 U9P12 U10P10
B1.1,4,L1,w,liable,U4P8 U4P11 U6P12 U9P10
B1.1,4,L1,w,entitled,U4P10 U4P5 U5P12 U9P2
B1.1,4,L1,w,carer,U4P10 U4P5 U5P12 U7P10
B1.1,4,L1,w,patient,U4P8 U4P3 U7P12 U10P2
B1.1,4,L1,w,referral,U4P3 U4P4 U5P12 U7P2
B1.1,4,L1,w,treatment,U4P4 U4P10 U5P12 U9P2
B1.1,4,L1,w,prescription,U4P5 U4P3 U5P12 U7P9
B1.1,4,L1,w,insurance,U4P4 U4P11 U5P12 U8P10
B1.1,4,L1,w,waiver,U4P10 U4P3 U7P12 U10P9
B1.1,4,L1,w,exemption,U4P5 U4P8 U5P12 U10P5
B1.1,4,L1,c,duty of care,U4P4 U4P3 U5P12 U10P9
B1.1,4,L1,c,informed consent,U4P4 U4P10 U5P12 U10P9
B1.1,4,L1,c,at your own risk,U4P3 U4P5 U8P12 U9P10
B1.1,4,L1,c,a waiting list,U4P4 U4P10 U6P12 U9P9
B1.1,4,L1,c,have a right to,U4P3 U4P8 U5P12 U10P9
B1.1,4,L1,c,under no obligation,U4P8 U4P5 U5P12 U7P2
B1.1,4,L1,p,opt out,U4P11 U4P8 U6P12 U10P9
B1.1,4,L1,p,look after,U4P8 U4P11 U5P12 U10P5
B1.1,4,L1,p,sign up for,U4P3 U4P8 U5P12 U7P2
B1.1,4,L1,p,fall through,U4P11 U4P5 U6P12 U9P9
B1.1,4,L1,f,whose job is it?,U4P5 U4P4 U7P12 U9P9
B1.1,4,L1,f,that's not on me,U4P3 U4P8 U6P12 U8P2
B1.1,4,L2,w,mandatory,U4P4 U4P8 U7P12 U8P10
B1.1,4,L2,w,optional,U4P4 U4P5 U9P12 U10P9
B1.1,4,L2,w,compulsory,U4P3 U4P11 U7P12 U10P9
B1.1,4,L2,w,voluntary,U4P5 U4P10 U5P12 U7P10
B1.1,4,L2,w,obliged,U4P3 U4P11 U5P12 U7P10
B1.1,4,L2,w,required,U4P11 U4P5 U7P12 U8P2
B1.1,4,L2,w,permitted,U4P8 U4P5 U5P12 U8P5
B1.1,4,L2,w,banned,U4P10 U4P8 U6P12 U9P10
B1.1,4,L2,w,exempt,U4P3 U4P5 U5P12 U8P5
B1.1,4,L2,w,binding,U4P8 U4P10 U5P12 U7P2
B1.1,4,L2,w,discretionary,U4P8 U4P3 U9P12 U10P9
B1.1,4,L2,c,be supposed to,U4P8 U4P4 U6P12 U7P5
B1.1,4,L2,c,be meant to,U4P5 U4P10 U6P12 U10P9
B1.1,4,L2,c,have no choice but to,U4P10 U4P5 U7P12 U10P2
B1.1,4,L2,c,be free to,U4P5 U4P3 U7P12 U8P10
B1.1,4,L2,c,didn't have to,U4P4 U4P3 U7P12 U8P5
B1.1,4,L2,c,should have,U4P11 U4P8 U5P12 U9P10
B1.1,4,L2,c,needn't have,U4P3 U4P11 U5P12 U7P2
B1.1,4,L2,p,get out of,U4P3 U4P8 U6P12 U10P2
B1.1,4,L2,p,let off,U4P4 U4P8 U5P12 U7P9
B1.1,4,L2,f,it's up to you,U4P8 U4P10 U5P12 U8P9
B1.1,5,L1,w,algorithm,U5P11 U5P5 U7P12 U8P9
B1.1,5,L1,w,automate,U5P10 U5P4 U6P12 U7P5
B1.1,5,L1,w,input,U5P11 U5P5 U6P12 U9P2
B1.1,5,L1,w,output,U5P11 U5P3 U6P12 U10P2
B1.1,5,L1,w,override,U5P10 U5P5 U6P12 U8P5
B1.1,5,L1,w,threshold,U5P8 U5P3 U8P12 U10P9
B1.1,5,L1,w,bias,U5P4 U5P5 U7P12 U9P9
B1.1,5,L1,w,audit,U5P3 U5P4 U6P12 U7P2
B1.1,5,L1,w,accountable,U5P8 U5P3 U9P12 U10P2
B1.1,5,L1,w,fallback,U5P4 U5P10 U6P12 U9P2
B1.1,5,L1,w,flag,U5P3 U5P10 U7P12 U8P2
B1.1,5,L1,w,discretion,U5P4 U5P8 U7P12 U10P5
B1.1,5,L1,c,an edge case,U5P4 U5P5 U6P12 U7P5
B1.1,5,L1,c,a false positive,U5P5 U5P3 U6P12 U10P9
B1.1,5,L1,c,human oversight,U5P10 U5P4 U8P12 U10P10
B1.1,5,L1,c,a rule of thumb,U5P10 U5P3 U9P12 U10P2
B1.1,5,L1,c,a judgement call,U5P11 U5P10 U9P12 U10P10
B1.1,5,L1,c,in the loop,U5P8 U5P10 U9P12 U10P9
B1.1,5,L1,p,flag up,U5P4 U5P3 U7P12 U9P10
B1.1,5,L1,p,roll out,U5P3 U5P11 U7P12 U9P10
B1.1,5,L1,p,fall back on,U5P4 U5P10 U6P12 U8P10
B1.1,5,L1,p,rule out,U5P4 U5P3 U6P12 U8P2
B1.1,5,L1,f,"garbage in, garbage out",U5P10 U5P8 U6P12 U10P5
B1.1,5,L1,f,computer says no,U5P10 U5P8 U8P12 U9P9
B1.1,5,L2,w,consequence,U5P8 U5P5 U7P12 U9P10
B1.1,5,L2,w,outcome,U5P5 U5P10 U8P12 U9P9
B1.1,5,L2,w,trade-off,U5P4 U5P3 U6P12 U8P2
B1.1,5,L2,w,repercussion,U5P5 U5P3 U6P12 U7P2
B1.1,5,L2,w,knock-on,U5P11 U5P10 U7P12 U10P10
B1.1,5,L2,w,inadvertently,U5P10 U5P4 U6P12 U9P5
B1.1,5,L2,w,consequently,U5P11 U5P10 U6P12 U8P10
B1.1,5,L2,w,thereby,U5P3 U5P10 U6P12 U8P9
B1.1,5,L2,w,otherwise,U5P4 U5P10 U8P12 U9P2
B1.1,5,L2,w,conversely,U5P10 U5P4 U7P12 U8P10
B1.1,5,L2,w,hence,U5P4 U5P11 U6P12 U8P2
B1.1,5,L2,c,as a result,U5P8 U5P4 U6P12 U10P9
B1.1,5,L2,c,which means that,U5P3 U5P4 U8P12 U9P2
B1.1,5,L2,c,the upshot is,U5P5 U5P4 U7P12 U9P5
B1.1,5,L2,c,provided that,U5P5 U5P8 U9P12 U10P9
B1.1,5,L2,c,as long as,U5P4 U5P8 U6P12 U7P10
B1.1,5,L2,c,in which case,U5P5 U5P8 U6P12 U7P2
B1.1,5,L2,c,worst case,U5P8 U5P3 U7P12 U9P2
B1.1,5,L2,p,end up,U5P10 U5P3 U7P12 U9P10
B1.1,5,L2,p,result in,U5P10 U5P8 U7P12 U9P9
B1.1,5,L2,f,one thing leads to another,U5P4 U5P3 U6P12 U9P2
B1.1,6,L1,w,procedure,U6P4 U6P10 U7P12 U10P10
B1.1,6,L1,w,protocol,U6P8 U6P10 U7P12 U9P2
B1.1,6,L1,w,policy,U6P3 U6P10 U8P12 U10P9
B1.1,6,L1,w,clause,U6P3 U6P8 U7P12 U9P2
B1.1,6,L1,w,statute,U6P3 U6P11 U7P12 U8P5
B1.1,6,L1,w,regulator,U6P3 U6P5 U9P12 U10P10
B1.1,6,L1,w,enforce,U6P10 U6P8 U7P12 U9P5
B1.1,6,L1,w,waive,U6P11 U6P10 U8P12 U9P5
B1.1,6,L1,w,amend,U6P11 U6P3 U7P12 U9P9
B1.1,6,L1,w,appeal,U6P11 U6P3 U7P12 U8P2
B1.1,6,L1,w,precedent,U6P3 U6P11 U9P12 U10P5
B1.1,6,L1,w,jurisdiction,U6P3 U6P4 U9P12 U10P9
B1.1,6,L1,c,in accordance with,U6P3 U6P5 U8P12 U9P9
B1.1,6,L1,c,subject to approval,U6P5 U6P4 U8P12 U10P9
B1.1,6,L1,c,at the discretion of,U6P8 U6P10 U8P12 U10P10
B1.1,6,L1,c,standard practice,U6P3 U6P11 U8P12 U9P9
B1.1,6,L1,c,a grey area,U6P3 U6P11 U8P12 U10P9
B1.1,6,L1,c,the small print,U6P11 U6P10 U7P12 U9P9
B1.1,6,L1,p,draw up,U6P10 U6P4 U8P12 U9P2
B1.1,6,L1,p,carry out,U6P8 U6P5 U8P12 U10P9
B1.1,6,L1,p,phase out,U6P11 U6P10 U7P12 U9P10
B1.1,6,L1,p,bring in,U6P4 U6P11 U8P12 U10P5
B1.1,6,L1,f,by the book,U6P11 U6P10 U8P12 U9P10
B1.1,6,L1,f,that's the policy,U6P4 U6P10 U7P12 U8P9
B1.1,6,L2,w,allegedly,U6P3 U6P5 U7P12 U8P5
B1.1,6,L2,w,reportedly,U6P3 U6P8 U7P12 U8P5
B1.1,6,L2,w,apparently,U6P3 U6P11 U7P12 U8P2
B1.1,6,L2,w,supposedly,U6P5 U6P10 U7P12 U10P9
B1.1,6,L2,w,purportedly,U6P11 U6P4 U7P12 U9P10
B1.1,6,L2,w,ostensibly,U6P11 U6P8 U8P12 U9P10
B1.1,6,L2,w,notionally,U6P5 U6P11 U7P12 U10P5
B1.1,6,L2,w,retrospectively,U6P10 U6P4 U7P12 U10P5
B1.1,6,L2,w,unilaterally,U6P11 U6P3 U7P12 U8P2
B1.1,6,L2,w,duly,U6P11 U6P8 U7P12 U8P2
B1.1,6,L2,w,hereby,U6P11 U6P8 U9P12 U10P10
B1.1,6,L2,c,it was decided,U6P8 U6P11 U7P12 U9P10
B1.1,6,L2,c,it is understood,U6P3 U6P4 U7P12 U10P5
B1.1,6,L2,c,steps have been taken,U6P4 U6P10 U7P12 U10P10
B1.1,6,L2,c,mistakes were made,U6P5 U6P3 U7P12 U8P10
B1.1,6,L2,c,is widely regarded as,U6P3 U6P11 U8P12 U10P5
B1.1,6,L2,c,it emerged that,U6P4 U6P11 U7P12 U10P5
B1.1,6,L2,c,is said to,U6P8 U6P10 U7P12 U9P2
B1.1,6,L2,p,be brought about,U6P4 U6P3 U9P12 U10P5
B1.1,6,L2,p,be done away with,U6P5 U6P4 U8P12 U9P10
B1.1,6,L2,f,nobody will say who,U6P3 U6P4 U8P12 U9P5
B1.1,7,L1,w,instruct,U7P11 U7P4 U9P12 U10P2
B1.1,7,L1,w,demonstrate,U7P3 U7P5 U9P12 U10P10
B1.1,7,L1,w,model,U7P8 U7P5 U9P12 U10P5
B1.1,7,L1,w,prompt,U7P8 U7P4 U8P12 U10P9
B1.1,7,L1,w,cue,U7P4 U7P11 U8P12 U10P9
B1.1,7,L1,w,mentor,U7P3 U7P8 U8P12 U10P2
B1.1,7,L1,w,apprentice,U7P4 U7P10 U9P12 U10P2
B1.1,7,L1,w,competence,U7P11 U7P3 U8P12 U10P5
B1.1,7,L1,w,feedback,U7P3 U7P4 U8P12 U10P9
B1.1,7,L1,w,correction,U7P10 U7P8 U8P12 U10P5
B1.1,7,L1,w,retention,U7P4 U7P5 U8P12 U9P5
B1.1,7,L1,w,rehearse,U7P4 U7P3 U8P12 U10P5
B1.1,7,L1,c,walk someone through,U7P3 U7P5 U9P12 U10P2
B1.1,7,L1,c,show someone how,U7P5 U7P8 U8P12 U10P10
B1.1,7,L1,c,let someone try,U7P11 U7P3 U8P12 U10P10
B1.1,7,L1,c,have a go,U7P3 U7P11 U8P12 U10P2
B1.1,7,L1,c,hands-on,U7P8 U7P4 U9P12 U10P10
B1.1,7,L1,c,trial and error,U7P10 U7P11 U8P12 U10P9
B1.1,7,L1,p,pass on,U7P10 U7P5 U8P12 U10P9
B1.1,7,L1,p,take in,U7P5 U7P8 U8P12 U10P9
B1.1,7,L1,p,go over,U7P3 U7P5 U8P12 U9P10
B1.1,7,L1,p,pick up,U7P8 U7P4 U8P12 U9P9
B1.1,7,L1,f,"see one, do one, teach one",U7P8 U7P11 U8P12 U10P5
B1.1,7,L1,f,it's muscle memory,U7P11 U7P10 U8P12 U10P2
B1.1,7,L2,w,persuade,U7P3 U7P8 U8P12 U9P9
B1.1,7,L2,w,encourage,U7P10 U7P3 U8P12 U10P10
B1.1,7,L2,w,warn,U7P8 U7P10 U8P12 U9P2
B1.1,7,L2,w,advise,U7P10 U7P11 U8P12 U10P2
B1.1,7,L2,w,remind,U7P11 U7P3 U8P12 U9P10
B1.1,7,L2,w,allow,U7P4 U7P5 U8P12 U9P10
B1.1,7,L2,w,urge,U7P3 U7P5 U8P12 U10P5
B1.1,7,L2,w,enable,U7P8 U7P3 U8P12 U10P10
B1.1,7,L2,w,prevent,U7P5 U7P11 U8P12 U10P9
B1.1,7,L2,w,accuse,U7P5 U7P10 U9P12 U10P5
B1.1,7,L2,w,congratulate,U7P4 U7P11 U8P12 U10P5
B1.1,7,L2,c,persuade someone to,U7P10 U7P5 U8P12 U9P9
B1.1,7,L2,c,warn someone against,U7P5 U7P4 U8P12 U9P2
B1.1,7,L2,c,prevent someone from,U7P10 U7P4 U9P12 U10P10
B1.1,7,L2,c,accuse someone of,U7P10 U7P3 U8P12 U9P5
B1.1,7,L2,c,congratulate someone on,U7P4 U7P8 U9P12 U10P2
B1.1,7,L2,c,blame someone for,U7P11 U7P4 U8P12 U9P10
B1.1,7,L2,c,talk someone into,U7P10 U7P8 U9P12 U10P5
B1.1,7,L2,p,put someone off,U7P8 U7P4 U8P12 U9P10
B1.1,7,L2,p,bring someone round,U7P5 U7P10 U8P12 U9P10
B1.1,7,L2,f,don't let me stop you,U7P4 U7P3 U9P12 U10P2
B1.1,8,L1,w,soil,U8P8 U8P3 U9P12 U10P10
B1.1,8,L1,w,yield,U8P10 U8P3 U9P12 U10P5
B1.1,8,L1,w,irrigation,U8P11 U8P3 U9P12 U10P9
B1.1,8,L1,w,drought,U8P10 U8P5 U9P12 U10P2
B1.1,8,L1,w,crop,U8P8 U8P4 U9P12 U10P2
B1.1,8,L1,w,harvest,U8P4 U8P5 U9P12 U10P10
B1.1,8,L1,w,smallholder,U8P8 U8P4 U9P12 U10P5
B1.1,8,L1,w,cooperative,U8P4 U8P3 U9P12 U10P5
B1.1,8,L1,w,rotation,U8P5 U8P4 U9P12 U10P10
B1.1,8,L1,w,fertiliser,U8P5 U8P3 U9P12 U10P5
B1.1,8,L1,w,erosion,U8P5 U8P4 U9P12 U10P5
B1.1,8,L1,w,perennial,U8P11 U8P8 U9P12 U10P5
B1.1,8,L1,c,arable land,U8P4 U8P10 U9P12 U10P10
B1.1,8,L1,c,a cash crop,U8P8 U8P10 U9P12 U10P9
B1.1,8,L1,c,food security,U8P3 U8P5 U9P12 U10P5
B1.1,8,L1,c,the growing season,U8P10 U8P11 U9P12 U10P5
B1.1,8,L1,c,in season,U8P4 U8P5 U9P12 U10P5
B1.1,8,L1,c,lie fallow,U8P11 U8P5 U9P12 U10P9
B1.1,8,L1,p,set aside,U8P8 U8P11 U9P12 U10P9
B1.1,8,L1,p,die back,U8P5 U8P11 U9P12 U10P2
B1.1,8,L1,p,turn over,U8P11 U8P4 U9P12 U10P10
B1.1,8,L1,p,plough back,U8P8 U8P10 U9P12 U10P2
B1.1,8,L1,f,a bad year,U8P10 U8P3 U9P12 U10P9
B1.1,8,L1,f,the land knows,U8P8 U8P5 U9P12 U10P10
B1.1,8,L2,w,whereby,U8P5 U8P4 U9P12 U10P9
B1.1,8,L2,w,wherein,U8P5 U8P10 U9P12 U10P10
B1.1,8,L2,w,whose,U8P3 U8P5 U9P12 U10P9
B1.1,8,L2,w,thereof,U8P4 U8P3 U9P12 U10P9
B1.1,8,L2,w,respectively,U8P4 U8P8 U9P12 U10P2
B1.1,8,L2,w,namely,U8P8 U8P4 U9P12 U10P5
B1.1,8,L2,w,notably,U8P5 U8P10 U9P12 U10P2
B1.1,8,L2,w,chiefly,U8P8 U8P3 U9P12 U10P9
B1.1,8,L2,w,largely,U8P11 U8P4 U9P12 U10P9
B1.1,8,L2,w,partly,U8P4 U8P5 U9P12 U10P9
B1.1,8,L2,w,solely,U8P5 U8P10 U9P12 U10P10
B1.1,8,L2,c,in which,U8P11 U8P8 U9P12 U10P5
B1.1,8,L2,c,of which,U8P4 U8P10 U9P12 U10P9
B1.1,8,L2,c,of whom,U8P4 U8P3 U9P12 U10P2
B1.1,8,L2,c,at which point,U8P8 U8P4 U9P12 U10P10
B1.1,8,L2,c,the extent to which,U8P4 U8P3 U9P12 U10P5
B1.1,8,L2,c,none of which,U8P5 U8P8 U9P12 U10P2
B1.1,8,L2,c,most of which,U8P8 U8P11 U9P12 U10P9
B1.1,8,L2,p,stem from,U8P5 U8P10 U9P12 U10P10
B1.1,8,L2,p,give rise to,U8P11 U8P8 U9P12 U10P10
B1.1,8,L2,f,all of which is to say,U8P3 U8P8 U9P12 U10P5
B1.1,9,L1,w,witness,U9P4 U9P11 U10P12 nextbookP12
B1.1,9,L1,w,account,U9P8 U9P3 U10P12 nextbookP12
B1.1,9,L1,w,testimony,U9P4 U9P11 U10P12 nextbookP12
B1.1,9,L1,w,version,U9P5 U9P8 U10P12 nextbookP12
B1.1,9,L1,w,angle,U9P5 U9P11 U10P12 nextbookP12
B1.1,9,L1,w,source,U9P3 U9P10 U10P12 nextbookP12
B1.1,9,L1,w,anonymity,U9P11 U9P4 U10P12 nextbookP12
B1.1,9,L1,w,adapt,U9P10 U9P11 U10P12 nextbookP12
B1.1,9,L1,w,dramatise,U9P11 U9P8 U10P12 nextbookP12
B1.1,9,L1,w,composite,U9P4 U9P11 U10P12 nextbookP12
B1.1,9,L1,w,disclaimer,U9P8 U9P4 U10P12 nextbookP12
B1.1,9,L1,w,hearsay,U9P8 U9P10 U10P12 nextbookP12
B1.1,9,L1,c,on the record,U9P5 U9P4 U10P12 nextbookP12
B1.1,9,L1,c,off the record,U9P8 U9P11 U10P12 nextbookP12
B1.1,9,L1,c,first-hand,U9P10 U9P8 U10P12 nextbookP12
B1.1,9,L1,c,a conflict of interest,U9P3 U9P4 U10P12 nextbookP12
B1.1,9,L1,c,right of reply,U9P4 U9P3 U10P12 nextbookP12
B1.1,9,L1,c,artistic licence,U9P5 U9P8 U10P12 nextbookP12
B1.1,9,L1,p,leave out,U9P10 U9P11 U10P12 nextbookP12
B1.1,9,L1,p,play down,U9P8 U9P5 U10P12 nextbookP12
B1.1,9,L1,p,write up,U9P4 U9P10 U10P12 nextbookP12
B1.1,9,L1,p,track down,U9P11 U9P10 U10P12 nextbookP12
B1.1,9,L1,f,that's not how it happened,U9P8 U9P5 U10P12 nextbookP12
B1.1,9,L1,f,whose story is it?,U9P8 U9P3 U10P12 nextbookP12
B1.1,9,L2,w,admit,U9P8 U9P5 U10P12 nextbookP12
B1.1,9,L2,w,deny,U9P11 U9P5 U10P12 nextbookP12
B1.1,9,L2,w,claim,U9P10 U9P8 U10P12 nextbookP12
B1.1,9,L2,w,insist,U9P4 U9P10 U10P12 nextbookP12
B1.1,9,L2,w,allege,U9P4 U9P8 U10P12 nextbookP12
B1.1,9,L2,w,concede,U9P5 U9P11 U10P12 nextbookP12
B1.1,9,L2,w,maintain,U9P5 U9P10 U10P12 nextbookP12
B1.1,9,L2,w,acknowledge,U9P4 U9P5 U10P12 nextbookP12
B1.1,9,L2,w,confirm,U9P8 U9P11 U10P12 nextbookP12
B1.1,9,L2,w,refuse,U9P5 U9P4 U10P12 nextbookP12
B1.1,9,L2,w,recall,U9P4 U9P5 U10P12 nextbookP12
B1.1,9,L2,c,point out,U9P3 U9P8 U10P12 nextbookP12
B1.1,9,L2,c,go on to say,U9P3 U9P10 U10P12 nextbookP12
B1.1,9,L2,c,be quoted as saying,U9P11 U9P4 U10P12 nextbookP12
B1.1,9,L2,c,according to,U9P11 U9P3 U10P12 nextbookP12
B1.1,9,L2,c,put it another way,U9P8 U9P3 U10P12 nextbookP12
B1.1,9,L2,c,stress that,U9P11 U9P5 U10P12 nextbookP12
B1.1,9,L2,c,decline to comment,U9P5 U9P10 U10P12 nextbookP12
B1.1,9,L2,p,back up,U9P4 U9P3 U10P12 nextbookP12
B1.1,9,L2,p,stand by,U9P10 U9P11 U10P12 nextbookP12
B1.1,9,L2,f,words to that effect,U9P3 U9P5 U10P12 nextbookP12
B1.1,10,L1,w,wage,U10P3 U10P8 nextbookP12 nextbookP12
B1.1,10,L1,w,salary,U10P5 U10P4 nextbookP12 nextbookP12
B1.1,10,L1,w,overtime,U10P10 U10P4 nextbookP12 nextbookP12
B1.1,10,L1,w,contract,U10P8 U10P4 nextbookP12 nextbookP12
B1.1,10,L1,w,probation,U10P11 U10P8 nextbookP12 nextbookP12
B1.1,10,L1,w,notice,U10P8 U10P10 nextbookP12 nextbookP12
B1.1,10,L1,w,severance,U10P11 U10P5 nextbookP12 nextbookP12
B1.1,10,L1,w,union,U10P10 U10P5 nextbookP12 nextbookP12
B1.1,10,L1,w,grievance,U10P8 U10P11 nextbookP12 nextbookP12
B1.1,10,L1,w,rota,U10P8 U10P3 nextbookP12 nextbookP12
B1.1,10,L1,w,turnover,U10P5 U10P11 nextbookP12 nextbookP12
B1.1,10,L1,w,headcount,U10P8 U10P10 nextbookP12 nextbookP12
B1.1,10,L1,c,zero-hours,U10P10 U10P4 nextbookP12 nextbookP12
B1.1,10,L1,c,a living wage,U10P4 U10P10 nextbookP12 nextbookP12
B1.1,10,L1,c,time and a half,U10P10 U10P4 nextbookP12 nextbookP12
B1.1,10,L1,c,on the books,U10P8 U10P3 nextbookP12 nextbookP12
B1.1,10,L1,c,cash in hand,U10P4 U10P11 nextbookP12 nextbookP12
B1.1,10,L1,c,a fair day's work,U10P11 U10P5 nextbookP12 nextbookP12
B1.1,10,L1,p,lay off,U10P11 U10P8 nextbookP12 nextbookP12
B1.1,10,L1,p,take on,U10P5 U10P10 nextbookP12 nextbookP12
B1.1,10,L1,p,clock in,U10P8 U10P5 nextbookP12 nextbookP12
B1.1,10,L1,p,cover for,U10P4 U10P5 nextbookP12 nextbookP12
B1.1,10,L1,f,that's the job,U10P4 U10P8 nextbookP12 nextbookP12
B1.1,10,L1,f,nobody does it for the money,U10P5 U10P3 nextbookP12 nextbookP12
B1.1,10,L2,w,far,U10P5 U10P3 nextbookP12 nextbookP12
B1.1,10,L2,w,much,U10P11 U10P4 nextbookP12 nextbookP12
B1.1,10,L2,w,slightly,U10P5 U10P10 nextbookP12 nextbookP12
B1.1,10,L2,w,considerably,U10P3 U10P5 nextbookP12 nextbookP12
B1.1,10,L2,w,marginally,U10P11 U10P5 nextbookP12 nextbookP12
B1.1,10,L2,w,substantially,U10P11 U10P3 nextbookP12 nextbookP12
B1.1,10,L2,w,significantly,U10P11 U10P4 nextbookP12 nextbookP12
B1.1,10,L2,w,somewhat,U10P4 U10P10 nextbookP12 nextbookP12
B1.1,10,L2,w,barely,U10P5 U10P4 nextbookP12 nextbookP12
B1.1,10,L2,w,appreciably,U10P4 U10P3 nextbookP12 nextbookP12
B1.1,10,L2,w,infinitely,U10P5 U10P8 nextbookP12 nextbookP12
B1.1,10,L2,c,a great deal,U10P8 U10P3 nextbookP12 nextbookP12
B1.1,10,L2,c,nowhere near,U10P8 U10P10 nextbookP12 nextbookP12
B1.1,10,L2,c,every bit as,U10P5 U10P4 nextbookP12 nextbookP12
B1.1,10,L2,c,not nearly,U10P5 U10P11 nextbookP12 nextbookP12
B1.1,10,L2,c,the more… the more,U10P10 U10P4 nextbookP12 nextbookP12
B1.1,10,L2,c,by far,U10P4 U10P5 nextbookP12 nextbookP12
B1.1,10,L2,c,if anything,U10P11 U10P8 nextbookP12 nextbookP12
B1.1,10,L2,p,knock back,U10P11 U10P4 nextbookP12 nextbookP12
B1.1,10,L2,p,scale up,U10P8 U10P3 nextbookP12 nextbookP12
B1.1,10,L2,f,not by a long way,U10P11 U10P3 nextbookP12 nextbookP12
B1.2,1,L1,w,diet,U1P4 U1P3 U2P12 U7P10
B1.2,1,L1,w,portion,U1P8 U1P3 U5P12 U7P9
B1.2,1,L1,w,canteen,U1P5 U1P10 U3P12 U5P2
B1.2,1,L1,w,staple,U1P4 U1P5 U2P12 U10P5
B1.2,1,L1,w,seasonal,U1P11 U1P10 U4P12 U8P5
B1.2,1,L1,w,processed,U1P3 U1P10 U6P12 U8P9
B1.2,1,L1,w,fresh,U1P3 U1P8 U3P12 U7P5
B1.2,1,L1,w,tinned,U1P5 U1P10 U5P12 U8P5
B1.2,1,L1,w,recipe,U1P5 U1P3 U3P12 U9P2
B1.2,1,L1,w,generation,U1P5 U1P8 U5P12 U7P9
B1.2,1,L1,w,household,U1P3 U1P5 U3P12 U5P5
B1.2,1,L1,w,budget,U1P4 U1P3 U2P12 U9P9
B1.2,1,L1,c,home cooking,U1P8 U1P3 U2P12 U3P5
B1.2,1,L1,c,a balanced diet,U1P3 U1P4 U3P12 U9P2
B1.2,1,L1,c,cut down on,U1P8 U1P4 U8P12 U9P10
B1.2,1,L1,c,eat out,U1P3 U1P11 U3P12 U6P10
B1.2,1,L1,c,convenience food,U1P11 U1P5 U3P12 U10P10
B1.2,1,L1,c,a staple of,U1P8 U1P4 U4P12 U8P5
B1.2,1,L1,p,grow up on,U1P4 U1P5 U6P12 U10P9
B1.2,1,L1,p,live off,U1P4 U1P3 U4P12 U6P2
B1.2,1,L1,p,give up,U1P11 U1P4 U7P12 U9P10
B1.2,1,L1,p,stock up,U1P10 U1P8 U8P12 U9P9
B1.2,1,L1,f,we never had that,U1P3 U1P8 U2P12 U5P5
B1.2,1,L1,f,nobody cooked like that,U1P8 U1P11 U5P12 U8P2
B1.2,1,L2,w,practice,U1P5 U1P8 U8P12 U9P9
B1.2,1,L2,w,routine,U1P3 U1P5 U2P12 U9P10
B1.2,1,L2,w,custom,U1P10 U1P5 U7P12 U8P9
B1.2,1,L2,w,tradition,U1P4 U1P3 U3P12 U4P2
B1.2,1,L2,w,gradually,U1P10 U1P3 U3P12 U9P5
B1.2,1,L2,w,constantly,U1P4 U1P10 U2P12 U4P2
B1.2,1,L2,w,rarely,U1P3 U1P10 U2P12 U10P5
B1.2,1,L2,w,typically,U1P4 U1P11 U4P12 U8P2
B1.2,1,L2,w,increasingly,U1P10 U1P3 U9P12 U10P10
B1.2,1,L2,w,steadily,U1P5 U1P3 U6P12 U8P2
B1.2,1,L2,w,overnight,U1P5 U1P10 U2P12 U5P2
B1.2,1,L2,c,be used to,U1P3 U1P8 U8P12 U10P9
B1.2,1,L2,c,get used to,U1P5 U1P10 U2P12 U10P9
B1.2,1,L2,c,would always,U1P5 U1P4 U5P12 U6P9
B1.2,1,L2,c,in those days,U1P8 U1P10 U2P12 U3P9
B1.2,1,L2,c,over time,U1P10 U1P4 U2P12 U6P10
B1.2,1,L2,c,more and more,U1P3 U1P10 U4P12 U9P10
B1.2,1,L2,c,as a rule,U1P10 U1P4 U3P12 U9P10
B1.2,1,L2,p,take to,U1P3 U1P8 U7P12 U8P5
B1.2,1,L2,p,fall into,U1P3 U1P11 U6P12 U10P5
B1.2,1,L2,f,you'd never see that now,U1P4 U1P8 U7P12 U8P5
B1.2,2,L1,w,near miss,U2P10 U2P11 U3P12 U7P5
B1.2,2,L1,w,incident,U2P3 U2P8 U5P12 U6P2
B1.2,2,L1,w,error,U2P5 U2P11 U5P12 U9P9
B1.2,2,L1,w,harm,U2P3 U2P8 U4P12 U10P10
B1.2,2,L1,w,prevent,U2P8 U2P3 U5P12 U10P5
B1.2,2,L1,w,avoid,U2P5 U2P11 U6P12 U9P9
B1.2,2,L1,w,report,U2P5 U2P4 U3P12 U6P9
B1.2,2,L1,w,blame,U2P10 U2P4 U5P12 U9P10
B1.2,2,L1,w,culture,U2P8 U2P4 U3P12 U5P10
B1.2,2,L1,w,disclosure,U2P4 U2P5 U3P12 U10P9
B1.2,2,L1,w,anonymous,U2P8 U2P10 U8P12 U10P2
B1.2,2,L1,w,signed,U2P5 U2P11 U8P12 U10P9
B1.2,2,L1,c,a near miss,U2P11 U2P4 U5P12 U8P9
B1.2,2,L1,c,what went wrong,U2P10 U2P4 U3P12 U7P9
B1.2,2,L1,c,root cause,U2P10 U2P11 U5P12 U6P2
B1.2,2,L1,c,in good faith,U2P8 U2P5 U7P12 U10P9
B1.2,2,L1,c,lessons learned,U2P10 U2P4 U7P12 U9P9
B1.2,2,L1,c,close call,U2P3 U2P10 U3P12 U5P5
B1.2,2,L1,p,own up,U2P11 U2P8 U3P12 U10P5
B1.2,2,L1,p,cover up,U2P8 U2P4 U3P12 U5P10
B1.2,2,L1,p,look back,U2P3 U2P10 U4P12 U10P2
B1.2,2,L1,p,put down to,U2P3 U2P11 U5P12 U7P2
B1.2,2,L1,f,it could have been worse,U2P4 U2P5 U3P12 U10P2
B1.2,2,L1,f,nobody got hurt,U2P10 U2P5 U3P12 U5P9
B1.2,2,L2,w,regret,U2P8 U2P11 U7P12 U8P2
B1.2,2,L2,w,hindsight,U2P3 U2P5 U4P12 U9P5
B1.2,2,L2,w,otherwise,U2P8 U2P5 U5P12 U10P10
B1.2,2,L2,w,instead,U2P4 U2P11 U4P12 U9P5
B1.2,2,L2,w,nearly,U2P8 U2P11 U6P12 U8P9
B1.2,2,L2,w,almost,U2P4 U2P8 U5P12 U8P2
B1.2,2,L2,w,barely,U2P5 U2P10 U4P12 U6P5
B1.2,2,L2,w,narrowly,U2P8 U2P5 U6P12 U9P5
B1.2,2,L2,w,fortunately,U2P4 U2P11 U3P12 U6P9
B1.2,2,L2,w,luckily,U2P8 U2P10 U7P12 U10P2
B1.2,2,L2,w,thankfully,U2P11 U2P10 U6P12 U9P5
B1.2,2,L2,c,had I known,U2P4 U2P10 U4P12 U10P9
B1.2,2,L2,c,but for,U2P8 U2P10 U6P12 U8P10
B1.2,2,L2,c,had it not been,U2P8 U2P10 U7P12 U9P10
B1.2,2,L2,c,as it turned out,U2P10 U2P5 U3P12 U8P2
B1.2,2,L2,c,by a hair,U2P11 U2P3 U4P12 U7P9
B1.2,2,L2,c,at the last minute,U2P11 U2P5 U7P12 U10P2
B1.2,2,L2,c,to make matters worse,U2P10 U2P11 U3P12 U9P2
B1.2,2,L2,p,pan out,U2P4 U2P10 U4P12 U10P10
B1.2,2,L2,p,turn out,U2P5 U2P8 U3P12 U7P9
B1.2,2,L2,f,I wish I'd said something,U2P11 U2P5 U4P12 U9P5
B1.2,3,L1,w,career,U3P4 U3P10 U8P12 U9P5
B1.2,3,L1,w,speciality,U3P4 U3P10 U4P12 U7P10
B1.2,3,L1,w,rotation,U3P4 U3P5 U4P12 U9P5
B1.2,3,L1,w,post,U3P10 U3P8 U5P12 U7P9
B1.2,3,L1,w,vacancy,U3P10 U3P4 U7P12 U8P10
B1.2,3,L1,w,training,U3P8 U3P11 U7P12 U10P9
B1.2,3,L1,w,mentor,U3P8 U3P5 U7P12 U9P5
B1.2,3,L1,w,supervisor,U3P4 U3P10 U5P12 U10P5
B1.2,3,L1,w,shortlist,U3P10 U3P4 U6P12 U7P2
B1.2,3,L1,w,reference,U3P4 U3P5 U4P12 U7P2
B1.2,3,L1,w,appointment,U3P11 U3P5 U4P12 U8P2
B1.2,3,L1,w,trajectory,U3P10 U3P3 U4P12 U10P2
B1.2,3,L1,c,a career path,U3P5 U3P4 U5P12 U7P5
B1.2,3,L1,c,apply for,U3P4 U3P5 U7P12 U9P9
B1.2,3,L1,c,take up a post,U3P5 U3P10 U4P12 U10P5
B1.2,3,L1,c,on paper,U3P5 U3P4 U4P12 U10P5
B1.2,3,L1,c,the right fit,U3P11 U3P8 U4P12 U8P9
B1.2,3,L1,c,turn down,U3P8 U3P11 U4P12 U8P10
B1.2,3,L1,p,go into,U3P8 U3P4 U7P12 U9P2
B1.2,3,L1,p,end up in,U3P4 U3P3 U7P12 U9P5
B1.2,3,L1,p,stand down,U3P11 U3P4 U6P12 U10P9
B1.2,3,L1,p,fall through,U3P3 U3P11 U7P12 U9P5
B1.2,3,L1,f,it just happened,U3P10 U3P5 U8P12 U10P10
B1.2,3,L1,f,I never planned any of this,U3P4 U3P11 U7P12 U8P5
B1.2,3,L2,w,consequence,U3P11 U3P4 U5P12 U8P2
B1.2,3,L2,w,knock-on,U3P5 U3P10 U7P12 U10P5
B1.2,3,L2,w,result,U3P10 U3P8 U5P12 U8P2
B1.2,3,L2,w,chain,U3P5 U3P8 U4P12 U10P2
B1.2,3,L2,w,outcome,U3P10 U3P4 U7P12 U10P5
B1.2,3,L2,w,therefore,U3P8 U3P10 U5P12 U9P2
B1.2,3,L2,w,consequently,U3P5 U3P8 U5P12 U9P9
B1.2,3,L2,w,hence,U3P8 U3P5 U4P12 U8P10
B1.2,3,L2,w,accordingly,U3P11 U3P5 U6P12 U10P2
B1.2,3,L2,w,thereby,U3P5 U3P3 U5P12 U10P5
B1.2,3,L2,w,inevitably,U3P11 U3P4 U5P12 U10P5
B1.2,3,L2,c,as a result,U3P5 U3P10 U7P12 U8P9
B1.2,3,L2,c,which meant that,U3P4 U3P8 U4P12 U6P5
B1.2,3,L2,c,led to,U3P10 U3P5 U6P12 U10P9
B1.2,3,L2,c,brought about,U3P8 U3P11 U4P12 U9P2
B1.2,3,L2,c,set off,U3P8 U3P3 U6P12 U10P5
B1.2,3,L2,c,one thing led to another,U3P4 U3P3 U4P12 U8P9
B1.2,3,L2,c,in turn,U3P3 U3P8 U5P12 U7P9
B1.2,3,L2,p,follow on,U3P10 U3P11 U5P12 U10P2
B1.2,3,L2,p,come about,U3P8 U3P10 U6P12 U9P10
B1.2,3,L2,f,and that is why I am here,U3P11 U3P10 U7P12 U10P2
B1.2,4,L1,w,evidence,U4P5 U4P3 U9P12 U10P5
B1.2,4,L1,w,trace,U4P10 U4P3 U6P12 U7P2
B1.2,4,L1,w,residue,U4P5 U4P10 U5P12 U8P2
B1.2,4,L1,w,position,U4P3 U4P10 U5P12 U7P5
B1.2,4,L1,w,angle,U4P5 U4P10 U5P12 U10P2
B1.2,4,L1,w,sequence,U4P5 U4P4 U5P12 U10P2
B1.2,4,L1,w,consistent,U4P11 U4P8 U7P12 U10P10
B1.2,4,L1,w,inconsistent,U4P4 U4P8 U8P12 U9P2
B1.2,4,L1,w,scene,U4P11 U4P5 U9P12 U10P2
B1.2,4,L1,w,reconstruct,U4P8 U4P5 U9P12 U10P2
B1.2,4,L1,w,witness,U4P11 U4P5 U5P12 U8P2
B1.2,4,L1,w,timeline,U4P8 U4P4 U6P12 U7P9
B1.2,4,L1,c,point to,U4P4 U4P10 U5P12 U7P9
B1.2,4,L1,c,point towards,U4P3 U4P4 U7P12 U10P10
B1.2,4,L1,c,be consistent with,U4P11 U4P3 U5P12 U9P5
B1.2,4,L1,c,at first glance,U4P10 U4P8 U5P12 U8P2
B1.2,4,L1,c,on closer inspection,U4P11 U4P10 U5P12 U7P5
B1.2,4,L1,c,the most likely explanation,U4P3 U4P4 U6P12 U7P2
B1.2,4,L1,p,piece together,U4P8 U4P3 U7P12 U8P9
B1.2,4,L1,p,rule out,U4P8 U4P4 U5P12 U9P2
B1.2,4,L1,p,narrow down,U4P11 U4P10 U5P12 U9P5
B1.2,4,L1,p,account for,U4P11 U4P3 U8P12 U9P5
B1.2,4,L1,f,none of it adds up,U4P8 U4P5 U5P12 U7P5
B1.2,4,L1,f,that explains the rest,U4P8 U4P4 U6P12 U7P2
B1.2,4,L2,w,certainly,U4P5 U4P11 U5P12 U7P2
B1.2,4,L2,w,definitely,U4P4 U4P10 U6P12 U9P5
B1.2,4,L2,w,undoubtedly,U4P3 U4P10 U8P12 U9P2
B1.2,4,L2,w,presumably,U4P8 U4P3 U7P12 U9P9
B1.2,4,L2,w,conceivably,U4P11 U4P10 U7P12 U10P9
B1.2,4,L2,w,arguably,U4P5 U4P8 U5P12 U9P10
B1.2,4,L2,w,seemingly,U4P3 U4P11 U9P12 U10P2
B1.2,4,L2,w,apparently,U4P10 U4P5 U5P12 U10P5
B1.2,4,L2,w,doubtless,U4P8 U4P5 U8P12 U9P2
B1.2,4,L2,w,plausibly,U4P8 U4P3 U5P12 U10P2
B1.2,4,L2,w,implausibly,U4P10 U4P8 U5P12 U9P10
B1.2,4,L2,c,must have,U4P11 U4P3 U5P12 U8P2
B1.2,4,L2,c,can't have,U4P11 U4P4 U6P12 U9P5
B1.2,4,L2,c,might well have,U4P10 U4P4 U8P12 U9P5
B1.2,4,L2,c,is unlikely to have,U4P3 U4P8 U5P12 U7P5
B1.2,4,L2,c,there is no way,U4P5 U4P11 U7P12 U8P5
B1.2,4,L2,c,all the evidence suggests,U4P5 U4P3 U6P12 U9P2
B1.2,4,L2,c,on the balance of probability,U4P3 U4P5 U5P12 U7P9
B1.2,4,L2,p,stack up,U4P4 U4P3 U9P12 U10P9
B1.2,4,L2,p,hold up,U4P8 U4P4 U6P12 U8P5
B1.2,4,L2,f,we may never establish that,U4P10 U4P3 U5P12 U7P5
B1.2,5,L1,w,projection,U5P11 U5P3 U9P12 U10P5
B1.2,5,L1,w,forecast,U5P3 U5P8 U7P12 U10P2
B1.2,5,L1,w,target,U5P3 U5P11 U6P12 U8P10
B1.2,5,L1,w,deadline,U5P5 U5P8 U9P12 U10P9
B1.2,5,L1,w,milestone,U5P5 U5P3 U6P12 U9P5
B1.2,5,L1,w,assumption,U5P10 U5P11 U7P12 U10P5
B1.2,5,L1,w,baseline,U5P3 U5P4 U6P12 U7P2
B1.2,5,L1,w,variance,U5P3 U5P5 U6P12 U8P10
B1.2,5,L1,w,capacity,U5P5 U5P8 U6P12 U9P2
B1.2,5,L1,w,demand,U5P5 U5P11 U7P12 U9P9
B1.2,5,L1,w,throughput,U5P10 U5P5 U8P12 U10P5
B1.2,5,L1,w,shortfall,U5P4 U5P11 U7P12 U9P2
B1.2,5,L1,c,on current trends,U5P4 U5P5 U7P12 U10P2
B1.2,5,L1,c,all things being equal,U5P4 U5P11 U6P12 U10P9
B1.2,5,L1,c,a working assumption,U5P10 U5P11 U6P12 U7P9
B1.2,5,L1,c,best case,U5P11 U5P8 U6P12 U8P5
B1.2,5,L1,c,worst case,U5P8 U5P3 U6P12 U10P9
B1.2,5,L1,c,run out of road,U5P3 U5P5 U6P12 U8P2
B1.2,5,L1,p,scale up,U5P8 U5P10 U8P12 U9P5
B1.2,5,L1,p,scale back,U5P11 U5P4 U6P12 U9P2
B1.2,5,L1,p,bring in,U5P10 U5P3 U6P12 U10P5
B1.2,5,L1,p,push back,U5P11 U5P5 U8P12 U10P9
B1.2,5,L1,f,that is the number we are planning on,U5P3 U5P11 U7P12 U8P2
B1.2,5,L1,f,it has never been four per cent,U5P8 U5P11 U6P12 U7P2
B1.2,5,L2,w,by,U5P4 U5P8 U8P12 U10P9
B1.2,5,L2,w,eventually,U5P4 U5P5 U6P12 U10P5
B1.2,5,L2,w,ultimately,U5P5 U5P8 U6P12 U10P9
B1.2,5,L2,w,shortly,U5P5 U5P4 U8P12 U9P9
B1.2,5,L2,w,imminently,U5P3 U5P8 U6P12 U7P5
B1.2,5,L2,w,meanwhile,U5P8 U5P5 U7P12 U10P10
B1.2,5,L2,w,henceforth,U5P3 U5P5 U6P12 U10P2
B1.2,5,L2,w,thereafter,U5P10 U5P11 U6P12 U10P10
B1.2,5,L2,w,progressively,U5P4 U5P8 U9P12 U10P5
B1.2,5,L2,w,cumulatively,U5P3 U5P5 U6P12 U10P9
B1.2,5,L2,w,annually,U5P11 U5P10 U7P12 U9P9
B1.2,5,L2,c,by the time,U5P8 U5P4 U6P12 U8P10
B1.2,5,L2,c,by then,U5P11 U5P5 U7P12 U8P9
B1.2,5,L2,c,within the year,U5P4 U5P11 U6P12 U10P5
B1.2,5,L2,c,over the period,U5P5 U5P4 U6P12 U10P5
B1.2,5,L2,c,year on year,U5P3 U5P10 U6P12 U9P10
B1.2,5,L2,c,at this rate,U5P11 U5P3 U6P12 U10P2
B1.2,5,L2,c,no later than,U5P10 U5P4 U6P12 U9P9
B1.2,5,L2,p,set out,U5P8 U5P11 U6P12 U7P9
B1.2,5,L2,p,see through,U5P10 U5P5 U6P12 U9P9
B1.2,5,L2,f,this time next year we will have,U5P10 U5P5 U7P12 U9P10
B1.2,6,L1,w,referral,U6P3 U6P4 U8P12 U9P10
B1.2,6,L1,w,admission,U6P4 U6P10 U8P12 U9P9
B1.2,6,L1,w,discharge,U6P3 U6P8 U9P12 U10P9
B1.2,6,L1,w,consent,U6P5 U6P4 U7P12 U8P10
B1.2,6,L1,w,procedure,U6P11 U6P5 U8P12 U9P9
B1.2,6,L1,w,consultation,U6P11 U6P10 U7P12 U8P2
B1.2,6,L1,w,interpreter,U6P8 U6P3 U7P12 U8P9
B1.2,6,L1,w,carer,U6P11 U6P5 U8P12 U9P9
B1.2,6,L1,w,ward,U6P5 U6P3 U8P12 U10P2
B1.2,6,L1,w,theatre,U6P11 U6P4 U7P12 U8P2
B1.2,6,L1,w,sedation,U6P5 U6P10 U7P12 U10P5
B1.2,6,L1,w,follow-up,U6P3 U6P11 U8P12 U9P2
B1.2,6,L1,c,be seen by,U6P10 U6P11 U7P12 U9P9
B1.2,6,L1,c,be referred to,U6P11 U6P4 U8P12 U9P9
B1.2,6,L1,c,have something done,U6P4 U6P3 U9P12 U10P5
B1.2,6,L1,c,be put on a list,U6P8 U6P4 U9P12 U10P10
B1.2,6,L1,c,under local,U6P8 U6P4 U8P12 U9P10
B1.2,6,L1,c,written consent,U6P8 U6P10 U9P12 U10P2
B1.2,6,L1,p,bring forward,U6P3 U6P5 U7P12 U8P5
B1.2,6,L1,p,hold back,U6P11 U6P3 U7P12 U10P5
B1.2,6,L1,p,sign off,U6P4 U6P10 U9P12 U10P2
B1.2,6,L1,p,hand over,U6P4 U6P5 U8P12 U9P10
B1.2,6,L1,f,nobody explained any of it,U6P11 U6P8 U8P12 U10P5
B1.2,6,L1,f,they did it while I was asleep,U6P4 U6P3 U8P12 U9P2
B1.2,6,L2,w,cause,U6P8 U6P11 U8P12 U9P2
B1.2,6,L2,w,arrange,U6P10 U6P3 U9P12 U10P5
B1.2,6,L2,w,get,U6P3 U6P5 U8P12 U10P2
B1.2,6,L2,w,make,U6P11 U6P5 U7P12 U10P9
B1.2,6,L2,w,let,U6P11 U6P10 U8P12 U10P9
B1.2,6,L2,w,allow,U6P5 U6P3 U9P12 U10P5
B1.2,6,L2,w,permit,U6P5 U6P8 U7P12 U8P10
B1.2,6,L2,w,require,U6P11 U6P5 U8P12 U9P10
B1.2,6,L2,w,ensure,U6P11 U6P5 U8P12 U9P5
B1.2,6,L2,w,oblige,U6P10 U6P8 U7P12 U8P2
B1.2,6,L2,w,entitle,U6P4 U6P10 U7P12 U8P9
B1.2,6,L2,c,have it done,U6P8 U6P5 U9P12 U10P5
B1.2,6,L2,c,get it done,U6P11 U6P3 U7P12 U8P5
B1.2,6,L2,c,be made to,U6P4 U6P5 U8P12 U10P9
B1.2,6,L2,c,be allowed to,U6P4 U6P8 U8P12 U9P5
B1.2,6,L2,c,be required to,U6P10 U6P4 U7P12 U8P9
B1.2,6,L2,c,at the request of,U6P5 U6P11 U7P12 U10P10
B1.2,6,L2,c,on behalf of,U6P11 U6P3 U9P12 U10P5
B1.2,6,L2,p,take over,U6P11 U6P3 U7P12 U8P10
B1.2,6,L2,p,see to,U6P10 U6P11 U8P12 U9P9
B1.2,6,L2,f,I had it taken out,U6P11 U6P5 U7P12 U9P10
B1.2,7,L1,w,attention,U7P10 U7P5 U8P12 U10P9
B1.2,7,L1,w,focus,U7P11 U7P4 U8P12 U9P2
B1.2,7,L1,w,distraction,U7P8 U7P4 U9P12 U10P10
B1.2,7,L1,w,habit,U7P4 U7P8 U9P12 U10P5
B1.2,7,L1,w,dependence,U7P3 U7P8 U8P12 U10P10
B1.2,7,L1,w,craving,U7P5 U7P10 U8P12 U10P9
B1.2,7,L1,w,trigger,U7P10 U7P8 U8P12 U10P2
B1.2,7,L1,w,relapse,U7P10 U7P5 U8P12 U10P10
B1.2,7,L1,w,willpower,U7P11 U7P3 U8P12 U9P5
B1.2,7,L1,w,abstinence,U7P8 U7P5 U8P12 U9P5
B1.2,7,L1,w,substitute,U7P4 U7P8 U9P12 U10P5
B1.2,7,L1,w,reward,U7P8 U7P4 U8P12 U10P5
B1.2,7,L1,c,cut down,U7P11 U7P8 U8P12 U9P9
B1.2,7,L1,c,cold turkey,U7P11 U7P4 U8P12 U9P9
B1.2,7,L1,c,a slip,U7P5 U7P10 U8P12 U9P9
B1.2,7,L1,c,back to square one,U7P5 U7P8 U9P12 U10P5
B1.2,7,L1,c,the first week,U7P10 U7P4 U9P12 U10P5
B1.2,7,L1,c,without noticing,U7P5 U7P8 U8P12 U9P10
B1.2,7,L1,p,cut out,U7P11 U7P5 U8P12 U10P5
B1.2,7,L1,p,keep off,U7P10 U7P8 U8P12 U10P9
B1.2,7,L1,p,give in,U7P3 U7P10 U9P12 U10P10
B1.2,7,L1,p,slip back,U7P11 U7P4 U9P12 U10P2
B1.2,7,L1,f,I stopped for a bit,U7P10 U7P4 U8P12 U10P2
B1.2,7,L1,f,I didn't even realise I'd done it,U7P5 U7P4 U9P12 U10P10
B1.2,7,L2,w,remember,U7P5 U7P4 U8P12 U9P10
B1.2,7,L2,w,forget,U7P8 U7P11 U9P12 U10P9
B1.2,7,L2,w,stop,U7P4 U7P10 U9P12 U10P2
B1.2,7,L2,w,try,U7P8 U7P3 U9P12 U10P9
B1.2,7,L2,w,resent,U7P5 U7P10 U9P12 U10P2
B1.2,7,L2,w,go on,U7P4 U7P10 U8P12 U9P2
B1.2,7,L2,w,mean,U7P11 U7P8 U8P12 U9P9
B1.2,7,L2,w,need,U7P5 U7P11 U9P12 U10P10
B1.2,7,L2,w,like,U7P4 U7P3 U8P12 U9P10
B1.2,7,L2,w,prefer,U7P10 U7P5 U9P12 U10P10
B1.2,7,L2,w,consider,U7P5 U7P11 U9P12 U10P10
B1.2,7,L2,c,stop to think,U7P3 U7P10 U8P12 U9P2
B1.2,7,L2,c,stop thinking,U7P11 U7P5 U9P12 U10P5
B1.2,7,L2,c,try doing,U7P4 U7P8 U8P12 U10P2
B1.2,7,L2,c,try to do,U7P5 U7P8 U8P12 U9P9
B1.2,7,L2,c,remember doing,U7P3 U7P8 U8P12 U10P2
B1.2,7,L2,c,remember to do,U7P3 U7P11 U8P12 U9P10
B1.2,7,L2,c,go on to,U7P8 U7P3 U8P12 U9P2
B1.2,7,L2,p,carry on,U7P5 U7P4 U9P12 U10P9
B1.2,7,L2,p,put off,U7P3 U7P5 U9P12 U10P2
B1.2,7,L2,f,I meant to,U7P4 U7P5 U9P12 U10P10
B1.2,8,L1,w,category,U8P3 U8P10 U9P12 U10P9
B1.2,8,L1,w,abstraction,U8P11 U8P3 U9P12 U10P9
B1.2,8,L1,w,definition,U8P10 U8P4 U9P12 U10P2
B1.2,8,L1,w,criterion,U8P4 U8P11 U9P12 U10P9
B1.2,8,L1,w,boundary,U8P3 U8P10 U9P12 U10P10
B1.2,8,L1,w,overlap,U8P11 U8P10 U9P12 U10P9
B1.2,8,L1,w,ambiguity,U8P4 U8P8 U9P12 U10P2
B1.2,8,L1,w,data,U8P8 U8P11 U9P12 U10P10
B1.2,8,L1,w,dataset,U8P10 U8P3 U9P12 U10P9
B1.2,8,L1,w,field,U8P8 U8P3 U9P12 U10P10
B1.2,8,L1,w,record,U8P5 U8P11 U9P12 U10P2
B1.2,8,L1,w,classification,U8P10 U8P4 U9P12 U10P9
B1.2,8,L1,c,by definition,U8P11 U8P3 U9P12 U10P5
B1.2,8,L1,c,in principle,U8P3 U8P11 U9P12 U10P10
B1.2,8,L1,c,in practice,U8P8 U8P10 U9P12 U10P9
B1.2,8,L1,c,a working definition,U8P5 U8P11 U9P12 U10P10
B1.2,8,L1,c,for the purposes of,U8P5 U8P4 U9P12 U10P2
B1.2,8,L1,c,fall under,U8P8 U8P11 U9P12 U10P10
B1.2,8,L1,p,break down,U8P10 U8P8 U9P12 U10P9
B1.2,8,L1,p,set apart,U8P4 U8P8 U9P12 U10P5
B1.2,8,L1,p,group together,U8P3 U8P10 U9P12 U10P5
B1.2,8,L1,p,rule in,U8P11 U8P3 U9P12 U10P5
B1.2,8,L1,f,it depends what you mean by,U8P4 U8P5 U9P12 U10P10
B1.2,8,L1,f,"four departments, four meanings",U8P8 U8P5 U9P12 U10P2
B1.2,8,L2,w,the,U8P11 U8P5 U9P12 U10P5
B1.2,8,L2,w,a,U8P10 U8P4 U9P12 U10P5
B1.2,8,L2,w,generic,U8P5 U8P3 U9P12 U10P5
B1.2,8,L2,w,specific,U8P4 U8P10 U9P12 U10P10
B1.2,8,L2,w,particular,U8P5 U8P8 U9P12 U10P2
B1.2,8,L2,w,such,U8P8 U8P3 U9P12 U10P10
B1.2,8,L2,w,any,U8P8 U8P3 U9P12 U10P5
B1.2,8,L2,w,certain,U8P3 U8P10 U9P12 U10P5
B1.2,8,L2,w,given,U8P11 U8P8 U9P12 U10P5
B1.2,8,L2,w,respective,U8P5 U8P11 U9P12 U10P5
B1.2,8,L2,w,former,U8P3 U8P5 U9P12 U10P5
B1.2,8,L2,c,in general,U8P3 U8P5 U9P12 U10P10
B1.2,8,L2,c,as a whole,U8P4 U8P11 U9P12 U10P9
B1.2,8,L2,c,in the main,U8P4 U8P8 U9P12 U10P9
B1.2,8,L2,c,the sort of,U8P11 U8P8 U9P12 U10P10
B1.2,8,L2,c,a kind of,U8P3 U8P10 U9P12 U10P2
B1.2,8,L2,c,the one in question,U8P4 U8P10 U9P12 U10P10
B1.2,8,L2,c,the latter,U8P4 U8P3 U9P12 U10P2
B1.2,8,L2,p,refer to,U8P4 U8P8 U9P12 U10P5
B1.2,8,L2,p,stand for,U8P8 U8P10 U9P12 U10P10
B1.2,8,L2,f,"which patients, exactly",U8P8 U8P10 U9P12 U10P9
B1.2,9,L1,w,statistic,U9P4 U9P10 U10P12 nextbookP12
B1.2,9,L1,w,proportion,U9P4 U9P10 U10P12 nextbookP12
B1.2,9,L1,w,median,U9P3 U9P4 U10P12 nextbookP12
B1.2,9,L1,w,average,U9P11 U9P4 U10P12 nextbookP12
B1.2,9,L1,w,outlier,U9P4 U9P8 U10P12 nextbookP12
B1.2,9,L1,w,sample,U9P8 U9P5 U10P12 nextbookP12
B1.2,9,L1,w,trend,U9P3 U9P4 U10P12 nextbookP12
B1.2,9,L1,w,denominator,U9P8 U9P3 U10P12 nextbookP12
B1.2,9,L1,w,rate,U9P8 U9P4 U10P12 nextbookP12
B1.2,9,L1,w,percentile,U9P8 U9P3 U10P12 nextbookP12
B1.2,9,L1,w,cohort,U9P8 U9P11 U10P12 nextbookP12
B1.2,9,L1,w,distribution,U9P5 U9P4 U10P12 nextbookP12
B1.2,9,L1,c,the vast majority,U9P11 U9P3 U10P12 nextbookP12
B1.2,9,L1,c,a significant minority,U9P10 U9P4 U10P12 nextbookP12
B1.2,9,L1,c,fewer than half,U9P4 U9P8 U10P12 nextbookP12
B1.2,9,L1,c,on average,U9P5 U9P3 U10P12 nextbookP12
B1.2,9,L1,c,per head,U9P8 U9P11 U10P12 nextbookP12
B1.2,9,L1,c,more than doubled,U9P8 U9P10 U10P12 nextbookP12
B1.2,9,L1,p,level off,U9P11 U9P4 U10P12 nextbookP12
B1.2,9,L1,p,tail off,U9P10 U9P11 U10P12 nextbookP12
B1.2,9,L1,p,bear out,U9P10 U9P4 U10P12 nextbookP12
B1.2,9,L1,p,skew towards,U9P10 U9P3 U10P12 nextbookP12
B1.2,9,L1,f,true and misleading,U9P8 U9P4 U10P12 nextbookP12
B1.2,9,L1,f,it depends on the denominator,U9P11 U9P4 U10P12 nextbookP12
B1.2,9,L2,w,roughly,U9P11 U9P5 U10P12 nextbookP12
B1.2,9,L2,w,approximately,U9P11 U9P8 U10P12 nextbookP12
B1.2,9,L2,w,broadly,U9P3 U9P8 U10P12 nextbookP12
B1.2,9,L2,w,largely,U9P4 U9P8 U10P12 nextbookP12
B1.2,9,L2,w,marginally,U9P5 U9P11 U10P12 nextbookP12
B1.2,9,L2,w,substantially,U9P8 U9P4 U10P12 nextbookP12
B1.2,9,L2,w,slightly,U9P3 U9P11 U10P12 nextbookP12
B1.2,9,L2,w,somewhat,U9P3 U9P4 U10P12 nextbookP12
B1.2,9,L2,w,considerably,U9P10 U9P4 U10P12 nextbookP12
B1.2,9,L2,w,notably,U9P8 U9P3 U10P12 nextbookP12
B1.2,9,L2,w,comparatively,U9P11 U9P8 U10P12 nextbookP12
B1.2,9,L2,c,or so,U9P5 U9P10 U10P12 nextbookP12
B1.2,9,L2,c,give or take,U9P8 U9P4 U10P12 nextbookP12
B1.2,9,L2,c,in the region of,U9P8 U9P3 U10P12 nextbookP12
B1.2,9,L2,c,the best part of,U9P8 U9P4 U10P12 nextbookP12
B1.2,9,L2,c,next to none,U9P3 U9P8 U10P12 nextbookP12
B1.2,9,L2,c,the bulk of,U9P5 U9P3 U10P12 nextbookP12
B1.2,9,L2,c,a handful of,U9P10 U9P8 U10P12 nextbookP12
B1.2,9,L2,p,come to,U9P4 U9P3 U10P12 nextbookP12
B1.2,9,L2,p,work out at,U9P5 U9P4 U10P12 nextbookP12
B1.2,9,L2,f,"about a third, give or take",U9P11 U9P8 U10P12 nextbookP12
B1.2,10,L1,w,gap,U10P5 U10P10 nextbookP12 nextbookP12
B1.2,10,L1,w,ignorance,U10P8 U10P5 nextbookP12 nextbookP12
B1.2,10,L1,w,insight,U10P4 U10P10 nextbookP12 nextbookP12
B1.2,10,L1,w,lesson,U10P8 U10P4 nextbookP12 nextbookP12
B1.2,10,L1,w,curriculum,U10P3 U10P10 nextbookP12 nextbookP12
B1.2,10,L1,w,apprenticeship,U10P8 U10P3 nextbookP12 nextbookP12
B1.2,10,L1,w,competence,U10P11 U10P8 nextbookP12 nextbookP12
B1.2,10,L1,w,confidence,U10P5 U10P8 nextbookP12 nextbookP12
B1.2,10,L1,w,feedback,U10P5 U10P11 nextbookP12 nextbookP12
B1.2,10,L1,w,reflection,U10P4 U10P11 nextbookP12 nextbookP12
B1.2,10,L1,w,mentorship,U10P3 U10P11 nextbookP12 nextbookP12
B1.2,10,L1,w,blind spot,U10P10 U10P8 nextbookP12 nextbookP12
B1.2,10,L1,c,a steep learning curve,U10P5 U10P11 nextbookP12 nextbookP12
B1.2,10,L1,c,out of my depth,U10P5 U10P8 nextbookP12 nextbookP12
B1.2,10,L1,c,on the job,U10P11 U10P10 nextbookP12 nextbookP12
B1.2,10,L1,c,nobody told me,U10P11 U10P5 nextbookP12 nextbookP12
B1.2,10,L1,c,with hindsight,U10P5 U10P8 nextbookP12 nextbookP12
B1.2,10,L1,c,the hard way,U10P5 U10P10 nextbookP12 nextbookP12
B1.2,10,L1,p,pick up,U10P8 U10P3 nextbookP12 nextbookP12
B1.2,10,L1,p,work out,U10P8 U10P5 nextbookP12 nextbookP12
B1.2,10,L1,p,catch up,U10P3 U10P5 nextbookP12 nextbookP12
B1.2,10,L1,p,fall behind,U10P3 U10P4 nextbookP12 nextbookP12
B1.2,10,L1,f,I wish somebody had said,U10P8 U10P5 nextbookP12 nextbookP12
B1.2,10,L1,f,you learn that in week one or never,U10P10 U10P4 nextbookP12 nextbookP12
B1.2,10,L2,w,wish,U10P11 U10P5 nextbookP12 nextbookP12
B1.2,10,L2,w,suppose,U10P4 U10P10 nextbookP12 nextbookP12
B1.2,10,L2,w,rather,U10P11 U10P4 nextbookP12 nextbookP12
B1.2,10,L2,w,alternatively,U10P4 U10P3 nextbookP12 nextbookP12
B1.2,10,L2,w,preferably,U10P5 U10P10 nextbookP12 nextbookP12
B1.2,10,L2,w,ideally,U10P11 U10P8 nextbookP12 nextbookP12
B1.2,10,L2,w,hypothetically,U10P8 U10P11 nextbookP12 nextbookP12
B1.2,10,L2,w,regrettably,U10P11 U10P8 nextbookP12 nextbookP12
B1.2,10,L2,w,admittedly,U10P5 U10P8 nextbookP12 nextbookP12
B1.2,10,L2,w,supposedly,U10P3 U10P5 nextbookP12 nextbookP12
B1.2,10,L2,w,frankly,U10P4 U10P11 nextbookP12 nextbookP12
B1.2,10,L2,c,if only,U10P4 U10P10 nextbookP12 nextbookP12
B1.2,10,L2,c,I'd rather,U10P11 U10P10 nextbookP12 nextbookP12
B1.2,10,L2,c,suppose we,U10P11 U10P8 nextbookP12 nextbookP12
B1.2,10,L2,c,it would be better if,U10P11 U10P5 nextbookP12 nextbookP12
B1.2,10,L2,c,I wish I knew,U10P10 U10P4 nextbookP12 nextbookP12
B1.2,10,L2,c,looking back,U10P3 U10P8 nextbookP12 nextbookP12
B1.2,10,L2,c,in an ideal world,U10P5 U10P4 nextbookP12 nextbookP12
B1.2,10,L2,p,think back,U10P10 U10P4 nextbookP12 nextbookP12
B1.2,10,L2,p,go over,U10P5 U10P4 nextbookP12 nextbookP12
B1.2,10,L2,f,if only somebody had told me,U10P11 U10P10 nextbookP12 nextbookP12
B1.3,1,L1,w,attention,U1P5 U1P10 U7P12 U8P10
B1.3,1,L1,w,interface,U1P5 U1P10 U2P12 U6P5
B1.3,1,L1,w,notification,U1P10 U1P5 U2P12 U9P2
B1.3,1,L1,w,engagement,U1P11 U1P4 U4P12 U7P10
B1.3,1,L1,w,retention,U1P5 U1P3 U5P12 U9P9
B1.3,1,L1,w,scroll,U1P8 U1P3 U5P12 U10P2
B1.3,1,L1,w,feed,U1P3 U1P5 U7P12 U8P2
B1.3,1,L1,w,metric,U1P5 U1P8 U5P12 U7P5
B1.3,1,L1,w,design,U1P3 U1P5 U2P12 U5P9
B1.3,1,L1,w,dwell,U1P11 U1P10 U4P12 U6P10
B1.3,1,L1,w,prompt,U1P4 U1P5 U2P12 U9P5
B1.3,1,L1,w,autoplay,U1P10 U1P5 U3P12 U9P10
B1.3,1,L1,c,hold your attention,U1P5 U1P8 U4P12 U7P9
B1.3,1,L1,c,a design choice,U1P5 U1P11 U5P12 U6P2
B1.3,1,L1,c,by default,U1P5 U1P4 U5P12 U8P2
B1.3,1,L1,c,opt out,U1P10 U1P11 U3P12 U4P10
B1.3,1,L1,c,the next video,U1P10 U1P11 U3P12 U10P5
B1.3,1,L1,c,time on site,U1P4 U1P11 U2P12 U8P5
B1.3,1,L1,p,log off,U1P3 U1P10 U5P12 U7P9
B1.3,1,L1,p,switch off,U1P8 U1P5 U6P12 U8P10
B1.3,1,L1,p,zone out,U1P11 U1P8 U8P12 U9P9
B1.3,1,L1,p,put down,U1P4 U1P8 U8P12 U9P5
B1.3,1,L1,f,I only came on to check one thing,U1P4 U1P8 U3P12 U6P10
B1.3,1,L1,f,it is designed to do that,U1P11 U1P3 U7P12 U8P10
B1.3,1,L2,w,which,U1P10 U1P3 U7P12 U10P2
B1.3,1,L2,w,whom,U1P10 U1P11 U9P12 U10P10
B1.3,1,L2,w,whose,U1P10 U1P8 U6P12 U7P5
B1.3,1,L2,w,where,U1P8 U1P10 U3P12 U9P10
B1.3,1,L2,w,likewise,U1P5 U1P8 U6P12 U7P9
B1.3,1,L2,w,moreover,U1P10 U1P8 U6P12 U9P9
B1.3,1,L2,w,namely,U1P8 U1P5 U4P12 U5P9
B1.3,1,L2,w,incidentally,U1P5 U1P3 U3P12 U4P2
B1.3,1,L2,w,respectively,U1P8 U1P11 U4P12 U6P9
B1.3,1,L2,w,additionally,U1P10 U1P8 U2P12 U7P9
B1.3,1,L2,w,conversely,U1P4 U1P11 U2P12 U3P5
B1.3,1,L2,c,of which,U1P3 U1P10 U8P12 U9P9
B1.3,1,L2,c,of whom,U1P10 U1P5 U6P12 U9P5
B1.3,1,L2,c,most of which,U1P11 U1P3 U3P12 U9P2
B1.3,1,L2,c,all of whom,U1P4 U1P10 U4P12 U8P2
B1.3,1,L2,c,the former of which,U1P10 U1P11 U6P12 U7P2
B1.3,1,L2,c,at which point,U1P5 U1P10 U5P12 U7P5
B1.3,1,L2,c,the latter of which,U1P3 U1P11 U2P12 U6P5
B1.3,1,L2,p,refer back,U1P5 U1P10 U4P12 U7P2
B1.3,1,L2,p,cross-refer,U1P4 U1P11 U4P12 U9P5
B1.3,1,L2,f,none of which was mentioned,U1P3 U1P4 U5P12 U6P2
B1.3,2,L1,w,access,U2P11 U2P3 U7P12 U9P2
B1.3,2,L1,w,barrier,U2P3 U2P5 U5P12 U6P9
B1.3,2,L1,w,inclusion,U2P10 U2P8 U4P12 U9P10
B1.3,2,L1,w,ramp,U2P8 U2P11 U3P12 U8P5
B1.3,2,L1,w,lift,U2P4 U2P10 U4P12 U9P2
B1.3,2,L1,w,step,U2P3 U2P8 U4P12 U6P9
B1.3,2,L1,w,survey,U2P4 U2P11 U4P12 U7P10
B1.3,2,L1,w,provision,U2P10 U2P4 U6P12 U9P9
B1.3,2,L1,w,accommodation,U2P5 U2P8 U4P12 U9P2
B1.3,2,L1,w,disability,U2P5 U2P11 U4P12 U7P5
B1.3,2,L1,w,exemption,U2P3 U2P8 U4P12 U10P9
B1.3,2,L1,w,signage,U2P8 U2P5 U3P12 U7P2
B1.3,2,L1,c,step-free,U2P5 U2P3 U8P12 U10P5
B1.3,2,L1,c,out of order,U2P11 U2P5 U6P12 U8P9
B1.3,2,L1,c,reasonable adjustment,U2P4 U2P5 U4P12 U10P10
B1.3,2,L1,c,the only route,U2P10 U2P11 U5P12 U10P2
B1.3,2,L1,c,at short notice,U2P5 U2P10 U4P12 U6P10
B1.3,2,L1,c,on paper,U2P8 U2P4 U5P12 U6P5
B1.3,2,L1,p,shut out,U2P5 U2P3 U4P12 U7P5
B1.3,2,L1,p,work around,U2P8 U2P11 U4P12 U5P2
B1.3,2,L1,p,get by,U2P10 U2P11 U4P12 U5P10
B1.3,2,L1,p,point out,U2P10 U2P3 U3P12 U7P2
B1.3,2,L1,f,nobody asked us,U2P10 U2P8 U6P12 U7P2
B1.3,2,L1,f,it has been like that for years,U2P11 U2P10 U6P12 U8P5
B1.3,2,L2,w,given,U2P8 U2P10 U4P12 U10P2
B1.3,2,L2,w,having,U2P10 U2P5 U5P12 U8P10
B1.3,2,L2,w,seen,U2P8 U2P10 U3P12 U7P5
B1.3,2,L2,w,taken,U2P10 U2P4 U5P12 U9P2
B1.3,2,L2,w,left,U2P8 U2P4 U4P12 U10P9
B1.3,2,L2,w,facing,U2P8 U2P3 U4P12 U7P5
B1.3,2,L2,w,lacking,U2P11 U2P8 U3P12 U7P10
B1.3,2,L2,w,considering,U2P8 U2P4 U3P12 U10P10
B1.3,2,L2,w,based,U2P11 U2P10 U8P12 U9P10
B1.3,2,L2,w,followed,U2P11 U2P4 U5P12 U10P5
B1.3,2,L2,w,surrounded,U2P8 U2P11 U4P12 U9P2
B1.3,2,L2,c,having said that,U2P8 U2P3 U4P12 U5P2
B1.3,2,L2,c,given the circumstances,U2P5 U2P11 U8P12 U9P2
B1.3,2,L2,c,due to,U2P11 U2P3 U5P12 U7P2
B1.3,2,L2,c,based on,U2P4 U2P11 U9P12 U10P5
B1.3,2,L2,c,followed by,U2P11 U2P3 U6P12 U9P2
B1.3,2,L2,c,taken together,U2P8 U2P5 U3P12 U9P9
B1.3,2,L2,c,all things considered,U2P5 U2P8 U3P12 U8P9
B1.3,2,L2,p,allow for,U2P10 U2P5 U5P12 U6P10
B1.3,2,L2,p,rule out,U2P5 U2P8 U5P12 U7P5
B1.3,2,L2,f,that being the case,U2P10 U2P3 U3P12 U4P9
B1.3,3,L1,w,argument,U3P8 U3P4 U7P12 U8P10
B1.3,3,L1,w,dissent,U3P11 U3P8 U7P12 U8P10
B1.3,3,L1,w,debate,U3P5 U3P8 U8P12 U10P9
B1.3,3,L1,w,agreement,U3P3 U3P4 U4P12 U8P10
B1.3,3,L1,w,objection,U3P3 U3P10 U6P12 U7P10
B1.3,3,L1,w,position,U3P5 U3P3 U8P12 U9P9
B1.3,3,L1,w,compromise,U3P8 U3P4 U7P12 U10P5
B1.3,3,L1,w,rebuttal,U3P5 U3P10 U4P12 U5P9
B1.3,3,L1,w,premise,U3P3 U3P10 U4P12 U7P10
B1.3,3,L1,w,dominate,U3P4 U3P3 U6P12 U8P5
B1.3,3,L1,w,defer,U3P5 U3P3 U4P12 U7P2
B1.3,3,L1,w,silence,U3P3 U3P5 U7P12 U9P5
B1.3,3,L1,c,take a position,U3P4 U3P8 U6P12 U8P9
B1.3,3,L1,c,concede the point,U3P3 U3P5 U7P12 U10P2
B1.3,3,L1,c,play devil's advocate,U3P3 U3P4 U6P12 U7P10
B1.3,3,L1,c,talk over,U3P3 U3P10 U6P12 U10P5
B1.3,3,L1,c,the floor,U3P5 U3P4 U4P12 U10P5
B1.3,3,L1,c,common ground,U3P10 U3P4 U6P12 U8P10
B1.3,3,L1,p,back down,U3P5 U3P8 U6P12 U7P10
B1.3,3,L1,p,hold back,U3P3 U3P11 U4P12 U6P5
B1.3,3,L1,p,shout down,U3P3 U3P11 U6P12 U10P5
B1.3,3,L1,p,come round,U3P4 U3P10 U4P12 U5P5
B1.3,3,L1,f,I take your point,U3P10 U3P5 U9P12 U10P9
B1.3,3,L1,f,that is not what I said,U3P4 U3P8 U6P12 U8P10
B1.3,3,L2,w,although,U3P8 U3P10 U5P12 U8P10
B1.3,3,L2,w,though,U3P11 U3P10 U5P12 U9P10
B1.3,3,L2,w,despite,U3P4 U3P11 U6P12 U8P9
B1.3,3,L2,w,however,U3P4 U3P5 U6P12 U10P10
B1.3,3,L2,w,whereas,U3P4 U3P3 U5P12 U6P9
B1.3,3,L2,w,nevertheless,U3P11 U3P8 U8P12 U9P10
B1.3,3,L2,w,nonetheless,U3P4 U3P5 U4P12 U6P10
B1.3,3,L2,w,yet,U3P4 U3P5 U4P12 U9P2
B1.3,3,L2,w,admittedly,U3P5 U3P11 U5P12 U7P9
B1.3,3,L2,w,granted,U3P10 U3P11 U9P12 U10P5
B1.3,3,L2,w,still,U3P11 U3P10 U8P12 U9P2
B1.3,3,L2,c,in spite of,U3P4 U3P10 U6P12 U10P9
B1.3,3,L2,c,even so,U3P4 U3P5 U6P12 U9P2
B1.3,3,L2,c,all the same,U3P5 U3P10 U4P12 U6P9
B1.3,3,L2,c,on the other hand,U3P4 U3P8 U4P12 U7P10
B1.3,3,L2,c,that said,U3P3 U3P10 U4P12 U5P9
B1.3,3,L2,c,up to a point,U3P11 U3P3 U6P12 U10P10
B1.3,3,L2,c,to be fair,U3P10 U3P4 U4P12 U10P10
B1.3,3,L2,p,allow that,U3P3 U3P4 U7P12 U10P2
B1.3,3,L2,p,grant that,U3P5 U3P10 U5P12 U6P10
B1.3,3,L2,f,and yet,U3P8 U3P4 U8P12 U9P2
B1.3,4,L1,w,purpose,U4P10 U4P11 U6P12 U10P5
B1.3,4,L1,w,intention,U4P3 U4P11 U6P12 U8P10
B1.3,4,L1,w,rationale,U4P4 U4P3 U5P12 U10P2
B1.3,4,L1,w,specification,U4P3 U4P4 U7P12 U8P5
B1.3,4,L1,w,constraint,U4P10 U4P3 U9P12 U10P9
B1.3,4,L1,w,trade-off,U4P10 U4P5 U7P12 U10P2
B1.3,4,L1,w,prototype,U4P11 U4P8 U5P12 U9P10
B1.3,4,L1,w,requirement,U4P5 U4P8 U6P12 U7P2
B1.3,4,L1,w,yield,U4P8 U4P4 U7P12 U8P5
B1.3,4,L1,w,plot,U4P5 U4P11 U7P12 U8P5
B1.3,4,L1,w,harvest,U4P10 U4P3 U5P12 U6P5
B1.3,4,L1,w,curriculum,U4P5 U4P4 U5P12 U8P10
B1.3,4,L1,c,by design,U4P8 U4P11 U5P12 U8P9
B1.3,4,L1,c,the whole point,U4P3 U4P11 U5P12 U10P9
B1.3,4,L1,c,serve a purpose,U4P3 U4P8 U5P12 U10P5
B1.3,4,L1,c,at the expense of,U4P4 U4P5 U5P12 U8P9
B1.3,4,L1,c,in practice,U4P11 U4P5 U5P12 U8P9
B1.3,4,L1,c,a design brief,U4P4 U4P10 U6P12 U7P5
B1.3,4,L1,p,set out to,U4P8 U4P3 U7P12 U10P9
B1.3,4,L1,p,end up,U4P3 U4P8 U7P12 U9P5
B1.3,4,L1,p,scale down,U4P11 U4P3 U5P12 U8P5
B1.3,4,L1,p,build in,U4P5 U4P10 U5P12 U9P2
B1.3,4,L1,f,that was never the idea,U4P3 U4P8 U8P12 U10P2
B1.3,4,L1,f,it does one of them well,U4P10 U4P4 U9P12 U10P5
B1.3,4,L2,w,so,U4P11 U4P5 U7P12 U9P5
B1.3,4,L2,w,such,U4P5 U4P3 U6P12 U10P10
B1.3,4,L2,w,therefore,U4P3 U4P10 U5P12 U10P2
B1.3,4,L2,w,thus,U4P3 U4P5 U6P12 U8P10
B1.3,4,L2,w,hence,U4P5 U4P10 U5P12 U8P2
B1.3,4,L2,w,consequently,U4P10 U4P8 U5P12 U10P2
B1.3,4,L2,w,because,U4P11 U4P10 U9P12 U10P5
B1.3,4,L2,w,since,U4P4 U4P3 U7P12 U8P9
B1.3,4,L2,w,as,U4P8 U4P11 U5P12 U7P10
B1.3,4,L2,w,owing,U4P11 U4P8 U8P12 U10P9
B1.3,4,L2,w,whereby,U4P3 U4P8 U7P12 U8P5
B1.3,4,L2,c,so that,U4P4 U4P5 U5P12 U10P5
B1.3,4,L2,c,in order to,U4P10 U4P3 U5P12 U10P9
B1.3,4,L2,c,so as to,U4P4 U4P8 U7P12 U8P10
B1.3,4,L2,c,such that,U4P4 U4P5 U6P12 U7P9
B1.3,4,L2,c,with a view to,U4P10 U4P5 U6P12 U7P2
B1.3,4,L2,c,for the sake of,U4P8 U4P10 U7P12 U10P5
B1.3,4,L2,c,the result being,U4P10 U4P3 U9P12 U10P10
B1.3,4,L2,p,lead to,U4P11 U4P5 U5P12 U8P5
B1.3,4,L2,p,bring about,U4P5 U4P8 U6P12 U7P10
B1.3,4,L2,f,which is why it is there,U4P8 U4P5 U5P12 U6P10
B1.3,5,L1,w,reveal,U5P11 U5P4 U6P12 U8P10
B1.3,5,L1,w,twist,U5P11 U5P8 U7P12 U9P5
B1.3,5,L1,w,emphasis,U5P10 U5P4 U6P12 U10P5
B1.3,5,L1,w,focus,U5P5 U5P11 U7P12 U10P5
B1.3,5,L1,w,climax,U5P8 U5P4 U6P12 U7P9
B1.3,5,L1,w,anecdote,U5P3 U5P11 U7P12 U8P10
B1.3,5,L1,w,punchline,U5P3 U5P10 U6P12 U10P2
B1.3,5,L1,w,pacing,U5P8 U5P10 U7P12 U10P5
B1.3,5,L1,w,detail,U5P10 U5P8 U6P12 U9P9
B1.3,5,L1,w,withhold,U5P11 U5P8 U6P12 U7P2
B1.3,5,L1,w,foreshadow,U5P11 U5P3 U9P12 U10P10
B1.3,5,L1,w,payoff,U5P10 U5P11 U6P12 U9P9
B1.3,5,L1,c,the point is,U5P8 U5P4 U7P12 U9P10
B1.3,5,L1,c,what matters is,U5P5 U5P8 U9P12 U10P2
B1.3,5,L1,c,it turns out,U5P10 U5P8 U8P12 U9P5
B1.3,5,L1,c,save it for,U5P10 U5P5 U6P12 U10P2
B1.3,5,L1,c,the thing nobody saw,U5P8 U5P3 U7P12 U8P5
B1.3,5,L1,c,a slow build,U5P4 U5P8 U6P12 U7P2
B1.3,5,L1,p,give away,U5P5 U5P4 U9P12 U10P9
B1.3,5,L1,p,hold off,U5P4 U5P10 U7P12 U10P9
B1.3,5,L1,p,lead up to,U5P8 U5P11 U9P12 U10P9
B1.3,5,L1,p,land it,U5P10 U5P4 U6P12 U7P5
B1.3,5,L1,f,and that is when,U5P5 U5P4 U6P12 U7P5
B1.3,5,L1,f,I will come back to that,U5P4 U5P5 U9P12 U10P2
B1.3,5,L2,w,it,U5P11 U5P8 U9P12 U10P9
B1.3,5,L2,w,what,U5P5 U5P3 U8P12 U10P10
B1.3,5,L2,w,all,U5P4 U5P10 U6P12 U10P2
B1.3,5,L2,w,the thing,U5P3 U5P5 U7P12 U9P5
B1.3,5,L2,w,the reason,U5P4 U5P3 U7P12 U8P10
B1.3,5,L2,w,the one,U5P5 U5P4 U7P12 U8P2
B1.3,5,L2,w,merely,U5P5 U5P4 U6P12 U10P9
B1.3,5,L2,w,precisely,U5P10 U5P5 U6P12 U7P2
B1.3,5,L2,w,exactly,U5P5 U5P10 U6P12 U9P9
B1.3,5,L2,w,specifically,U5P3 U5P10 U7P12 U8P5
B1.3,5,L2,w,particularly,U5P10 U5P5 U9P12 U10P5
B1.3,5,L2,c,it was X who,U5P8 U5P3 U6P12 U10P9
B1.3,5,L2,c,what I mean is,U5P10 U5P5 U6P12 U7P5
B1.3,5,L2,c,all I did was,U5P11 U5P5 U9P12 U10P10
B1.3,5,L2,c,the thing that,U5P11 U5P4 U6P12 U9P2
B1.3,5,L2,c,the reason why,U5P4 U5P11 U6P12 U8P9
B1.3,5,L2,c,the one thing,U5P11 U5P8 U6P12 U7P10
B1.3,5,L2,c,not until then,U5P11 U5P5 U6P12 U9P2
B1.3,5,L2,p,point up,U5P11 U5P3 U6P12 U10P10
B1.3,5,L2,p,zero in on,U5P5 U5P8 U6P12 U8P9
B1.3,5,L2,f,what happened was this,U5P8 U5P4 U7P12 U9P2
B1.3,6,L1,w,claim,U6P10 U6P5 U7P12 U8P5
B1.3,6,L1,w,sponsor,U6P8 U6P10 U7P12 U8P2
B1.3,6,L1,w,clause,U6P11 U6P8 U8P12 U9P5
B1.3,6,L1,w,naming rights,U6P8 U6P4 U8P12 U10P5
B1.3,6,L1,w,negotiation,U6P5 U6P4 U8P12 U9P9
B1.3,6,L1,w,concession,U6P3 U6P10 U7P12 U8P2
B1.3,6,L1,w,leverage,U6P8 U6P5 U8P12 U9P5
B1.3,6,L1,w,spin,U6P5 U6P8 U9P12 U10P10
B1.3,6,L1,w,briefing,U6P10 U6P11 U7P12 U10P5
B1.3,6,L1,w,retraction,U6P4 U6P10 U9P12 U10P9
B1.3,6,L1,w,undertaking,U6P3 U6P10 U8P12 U9P10
B1.3,6,L1,w,stakeholder,U6P4 U6P8 U8P12 U9P9
B1.3,6,L1,c,on the record,U6P11 U6P10 U8P12 U9P10
B1.3,6,L1,c,in exchange for,U6P8 U6P5 U7P12 U9P2
B1.3,6,L1,c,a sticking point,U6P4 U6P8 U8P12 U9P5
B1.3,6,L1,c,walk away,U6P5 U6P4 U8P12 U9P10
B1.3,6,L1,c,the small print,U6P11 U6P10 U7P12 U10P5
B1.3,6,L1,c,strings attached,U6P3 U6P5 U8P12 U9P2
B1.3,6,L1,p,water down,U6P5 U6P11 U8P12 U10P5
B1.3,6,L1,p,push back,U6P3 U6P10 U7P12 U9P5
B1.3,6,L1,p,sign up to,U6P11 U6P10 U8P12 U10P2
B1.3,6,L1,p,hold out,U6P10 U6P3 U8P12 U10P9
B1.3,6,L1,f,that is not what was agreed,U6P5 U6P3 U9P12 U10P9
B1.3,6,L1,f,we are not going to say that,U6P8 U6P5 U8P12 U10P10
B1.3,6,L2,w,accuse,U6P11 U6P4 U7P12 U8P9
B1.3,6,L2,w,persuade,U6P11 U6P5 U7P12 U10P5
B1.3,6,L2,w,blame,U6P10 U6P3 U9P12 U10P5
B1.3,6,L2,w,congratulate,U6P3 U6P4 U7P12 U10P5
B1.3,6,L2,w,warn,U6P5 U6P10 U7P12 U8P10
B1.3,6,L2,w,remind,U6P10 U6P8 U8P12 U9P2
B1.3,6,L2,w,insist,U6P3 U6P5 U8P12 U10P9
B1.3,6,L2,w,deny,U6P8 U6P4 U7P12 U8P2
B1.3,6,L2,w,admit,U6P8 U6P3 U7P12 U10P2
B1.3,6,L2,w,urge,U6P11 U6P10 U9P12 U10P10
B1.3,6,L2,w,advise,U6P3 U6P4 U7P12 U10P9
B1.3,6,L2,c,accuse somebody of,U6P11 U6P8 U9P12 U10P2
B1.3,6,L2,c,persuade somebody to,U6P8 U6P3 U9P12 U10P10
B1.3,6,L2,c,blame somebody for,U6P8 U6P4 U8P12 U10P10
B1.3,6,L2,c,congratulate somebody on,U6P5 U6P8 U7P12 U9P2
B1.3,6,L2,c,warn somebody against,U6P11 U6P4 U7P12 U9P5
B1.3,6,L2,c,insist on,U6P5 U6P8 U8P12 U10P10
B1.3,6,L2,c,deny doing,U6P3 U6P8 U8P12 U10P2
B1.3,6,L2,p,talk into,U6P5 U6P3 U8P12 U10P9
B1.3,6,L2,p,talk out of,U6P5 U6P4 U8P12 U10P10
B1.3,6,L2,f,he is said to have,U6P11 U6P10 U8P12 U9P9
B1.3,7,L1,w,rumour,U7P8 U7P4 U8P12 U10P2
B1.3,7,L1,w,consensus,U7P11 U7P4 U9P12 U10P9
B1.3,7,L1,w,hearsay,U7P8 U7P3 U8P12 U10P2
B1.3,7,L1,w,allegation,U7P4 U7P5 U8P12 U9P2
B1.3,7,L1,w,corroboration,U7P11 U7P8 U9P12 U10P5
B1.3,7,L1,w,anonymity,U7P8 U7P5 U8P12 U10P10
B1.3,7,L1,w,circulate,U7P8 U7P5 U8P12 U10P5
B1.3,7,L1,w,substantiate,U7P10 U7P8 U8P12 U9P2
B1.3,7,L1,w,unverified,U7P3 U7P4 U9P12 U10P2
B1.3,7,L1,w,credible,U7P10 U7P11 U8P12 U9P2
B1.3,7,L1,w,due process,U7P5 U7P4 U9P12 U10P2
B1.3,7,L1,w,harm,U7P3 U7P11 U8P12 U9P2
B1.3,7,L1,c,it is said that,U7P10 U7P11 U8P12 U9P10
B1.3,7,L1,c,widely believed,U7P5 U7P11 U9P12 U10P10
B1.3,7,L1,c,no evidence that,U7P3 U7P8 U8P12 U10P10
B1.3,7,L1,c,a matter of record,U7P8 U7P11 U9P12 U10P5
B1.3,7,L1,c,take it seriously,U7P8 U7P11 U9P12 U10P9
B1.3,7,L1,c,look into it,U7P3 U7P4 U8P12 U10P5
B1.3,7,L1,p,go round,U7P10 U7P8 U8P12 U10P2
B1.3,7,L1,p,die down,U7P3 U7P4 U8P12 U9P9
B1.3,7,L1,p,come forward,U7P4 U7P10 U8P12 U9P10
B1.3,7,L1,p,hush up,U7P11 U7P8 U9P12 U10P10
B1.3,7,L1,f,there is no smoke without fire,U7P4 U7P11 U8P12 U10P2
B1.3,7,L1,f,somebody told somebody,U7P10 U7P5 U8P12 U9P10
B1.3,7,L2,w,reportedly,U7P11 U7P10 U8P12 U10P10
B1.3,7,L2,w,allegedly,U7P11 U7P8 U8P12 U9P2
B1.3,7,L2,w,apparently,U7P8 U7P4 U9P12 U10P10
B1.3,7,L2,w,supposedly,U7P8 U7P5 U8P12 U10P2
B1.3,7,L2,w,ostensibly,U7P4 U7P5 U8P12 U9P5
B1.3,7,L2,w,purportedly,U7P4 U7P5 U8P12 U10P2
B1.3,7,L2,w,seemingly,U7P8 U7P11 U8P12 U9P2
B1.3,7,L2,w,arguably,U7P10 U7P5 U9P12 U10P10
B1.3,7,L2,w,presumably,U7P3 U7P10 U9P12 U10P2
B1.3,7,L2,w,understood,U7P5 U7P10 U8P12 U9P9
B1.3,7,L2,w,thought,U7P5 U7P10 U8P12 U9P5
B1.3,7,L2,c,is thought to,U7P11 U7P4 U9P12 U10P9
B1.3,7,L2,c,is said to,U7P11 U7P4 U9P12 U10P5
B1.3,7,L2,c,is believed to,U7P5 U7P8 U8P12 U10P5
B1.3,7,L2,c,is understood to,U7P4 U7P3 U9P12 U10P2
B1.3,7,L2,c,it is alleged that,U7P5 U7P4 U9P12 U10P5
B1.3,7,L2,c,according to sources,U7P5 U7P3 U9P12 U10P10
B1.3,7,L2,c,as far as we know,U7P8 U7P3 U9P12 U10P2
B1.3,7,L2,p,put about,U7P5 U7P11 U8P12 U10P2
B1.3,7,L2,p,stand up,U7P4 U7P5 U8P12 U9P10
B1.3,7,L2,f,none of which has been established,U7P10 U7P5 U8P12 U10P9
B1.3,8,L1,w,decision,U8P4 U8P5 U9P12 U10P10
B1.3,8,L1,w,hindsight,U8P10 U8P11 U9P12 U10P9
B1.3,8,L1,w,audit,U8P3 U8P11 U9P12 U10P2
B1.3,8,L1,w,escalate,U8P4 U8P5 U9P12 U10P5
B1.3,8,L1,w,threshold,U8P3 U8P4 U9P12 U10P10
B1.3,8,L1,w,handover,U8P3 U8P5 U9P12 U10P9
B1.3,8,L1,w,oversight,U8P5 U8P3 U9P12 U10P10
B1.3,8,L1,w,accountability,U8P10 U8P4 U9P12 U10P2
B1.3,8,L1,w,warning,U8P3 U8P10 U9P12 U10P2
B1.3,8,L1,w,trigger,U8P11 U8P4 U9P12 U10P9
B1.3,8,L1,w,review,U8P3 U8P4 U9P12 U10P9
B1.3,8,L1,w,omission,U8P8 U8P3 U9P12 U10P5
B1.3,8,L1,c,with hindsight,U8P10 U8P5 U9P12 U10P2
B1.3,8,L1,c,in retrospect,U8P3 U8P11 U9P12 U10P2
B1.3,8,L1,c,fall through the cracks,U8P11 U8P4 U9P12 U10P9
B1.3,8,L1,c,flag it up,U8P10 U8P11 U9P12 U10P10
B1.3,8,L1,c,the duty of care,U8P8 U8P4 U9P12 U10P10
B1.3,8,L1,c,nobody owned it,U8P8 U8P5 U9P12 U10P2
B1.3,8,L1,p,pass on,U8P5 U8P4 U9P12 U10P9
B1.3,8,L1,p,follow up,U8P5 U8P11 U9P12 U10P9
B1.3,8,L1,p,sign off,U8P11 U8P3 U9P12 U10P9
B1.3,8,L1,p,take up,U8P5 U8P11 U9P12 U10P9
B1.3,8,L1,f,"three people, three emails",U8P10 U8P8 U9P12 U10P9
B1.3,8,L1,f,somebody should have,U8P3 U8P5 U9P12 U10P2
B1.3,8,L2,w,should,U8P3 U8P10 U9P12 U10P10
B1.3,8,L2,w,could,U8P11 U8P4 U9P12 U10P9
B1.3,8,L2,w,would,U8P3 U8P4 U9P12 U10P5
B1.3,8,L2,w,ought,U8P3 U8P10 U9P12 U10P2
B1.3,8,L2,w,might,U8P8 U8P11 U9P12 U10P10
B1.3,8,L2,w,needn't,U8P5 U8P8 U9P12 U10P2
B1.3,8,L2,w,otherwise,U8P5 U8P3 U9P12 U10P9
B1.3,8,L2,w,foreseeably,U8P5 U8P10 U9P12 U10P5
B1.3,8,L2,w,conceivably,U8P10 U8P11 U9P12 U10P5
B1.3,8,L2,w,clearly,U8P8 U8P11 U9P12 U10P2
B1.3,8,L2,w,demonstrably,U8P4 U8P5 U9P12 U10P2
B1.3,8,L2,c,should have,U8P8 U8P5 U9P12 U10P2
B1.3,8,L2,c,could have,U8P4 U8P3 U9P12 U10P5
B1.3,8,L2,c,ought to have,U8P3 U8P8 U9P12 U10P10
B1.3,8,L2,c,needn't have,U8P3 U8P5 U9P12 U10P5
B1.3,8,L2,c,might well have,U8P11 U8P8 U9P12 U10P10
B1.3,8,L2,c,in which case,U8P4 U8P5 U9P12 U10P10
B1.3,8,L2,c,all the more so,U8P3 U8P11 U9P12 U10P9
B1.3,8,L2,p,see through,U8P11 U8P5 U9P12 U10P2
B1.3,8,L2,p,act on,U8P10 U8P4 U9P12 U10P2
B1.3,8,L2,f,and nobody did,U8P11 U8P3 U9P12 U10P2
B1.3,9,L1,w,register,U9P8 U9P5 U10P12 nextbookP12
B1.3,9,L1,w,slang,U9P3 U9P4 U10P12 nextbookP12
B1.3,9,L1,w,idiom,U9P3 U9P4 U10P12 nextbookP12
B1.3,9,L1,w,colloquial,U9P11 U9P8 U10P12 nextbookP12
B1.3,9,L1,w,formal,U9P11 U9P5 U10P12 nextbookP12
B1.3,9,L1,w,jargon,U9P10 U9P8 U10P12 nextbookP12
B1.3,9,L1,w,accent,U9P8 U9P10 U10P12 nextbookP12
B1.3,9,L1,w,code-switch,U9P3 U9P5 U10P12 nextbookP12
B1.3,9,L1,w,fluency,U9P3 U9P4 U10P12 nextbookP12
B1.3,9,L1,w,vocabulary,U9P10 U9P3 U10P12 nextbookP12
B1.3,9,L1,w,marking,U9P4 U9P3 U10P12 nextbookP12
B1.3,9,L1,w,penalty,U9P5 U9P11 U10P12 nextbookP12
B1.3,9,L1,c,mark down,U9P3 U9P11 U10P12 nextbookP12
B1.3,9,L1,c,native-like,U9P11 U9P8 U10P12 nextbookP12
B1.3,9,L1,c,plain English,U9P3 U9P5 U10P12 nextbookP12
B1.3,9,L1,c,in your own words,U9P11 U9P3 U10P12 nextbookP12
B1.3,9,L1,c,a turn of phrase,U9P3 U9P5 U10P12 nextbookP12
B1.3,9,L1,c,the house style,U9P8 U9P4 U10P12 nextbookP12
B1.3,9,L1,p,get across,U9P3 U9P8 U10P12 nextbookP12
B1.3,9,L1,p,put across,U9P11 U9P4 U10P12 nextbookP12
B1.3,9,L1,p,come across,U9P8 U9P4 U10P12 nextbookP12
B1.3,9,L1,p,pick up on,U9P5 U9P10 U10P12 nextbookP12
B1.3,9,L1,f,it is perfectly clear,U9P10 U9P4 U10P12 nextbookP12
B1.3,9,L1,f,unidiomatic is not a fault,U9P10 U9P5 U10P12 nextbookP12
B1.3,9,L2,w,up,U9P8 U9P3 U10P12 nextbookP12
B1.3,9,L2,w,out,U9P11 U9P3 U10P12 nextbookP12
B1.3,9,L2,w,off,U9P11 U9P10 U10P12 nextbookP12
B1.3,9,L2,w,over,U9P3 U9P8 U10P12 nextbookP12
B1.3,9,L2,w,through,U9P5 U9P8 U10P12 nextbookP12
B1.3,9,L2,w,down,U9P4 U9P3 U10P12 nextbookP12
B1.3,9,L2,w,on,U9P5 U9P10 U10P12 nextbookP12
B1.3,9,L2,w,away,U9P3 U9P11 U10P12 nextbookP12
B1.3,9,L2,w,back,U9P11 U9P10 U10P12 nextbookP12
B1.3,9,L2,w,into,U9P4 U9P8 U10P12 nextbookP12
B1.3,9,L2,w,around,U9P8 U9P11 U10P12 nextbookP12
B1.3,9,L2,c,put up with,U9P11 U9P8 U10P12 nextbookP12
B1.3,9,L2,c,get away with,U9P11 U9P3 U10P12 nextbookP12
B1.3,9,L2,c,look forward to,U9P5 U9P4 U10P12 nextbookP12
B1.3,9,L2,c,run out of,U9P8 U9P10 U10P12 nextbookP12
B1.3,9,L2,c,go along with,U9P5 U9P10 U10P12 nextbookP12
B1.3,9,L2,c,catch up on,U9P11 U9P3 U10P12 nextbookP12
B1.3,9,L2,c,do away with,U9P4 U9P10 U10P12 nextbookP12
B1.3,9,L2,p,take over,U9P10 U9P5 U10P12 nextbookP12
B1.3,9,L2,p,bring up,U9P5 U9P4 U10P12 nextbookP12
B1.3,9,L2,f,say that again in writing,U9P8 U9P10 U10P12 nextbookP12
B1.3,10,L1,w,address,U10P10 U10P11 nextbookP12 nextbookP12
B1.3,10,L1,w,audience,U10P3 U10P8 nextbookP12 nextbookP12
B1.3,10,L1,w,rhetoric,U10P4 U10P3 nextbookP12 nextbookP12
B1.3,10,L1,w,cadence,U10P11 U10P3 nextbookP12 nextbookP12
B1.3,10,L1,w,pause,U10P8 U10P5 nextbookP12 nextbookP12
B1.3,10,L1,w,podium,U10P11 U10P8 nextbookP12 nextbookP12
B1.3,10,L1,w,applause,U10P8 U10P10 nextbookP12 nextbookP12
B1.3,10,L1,w,gravity,U10P4 U10P3 nextbookP12 nextbookP12
B1.3,10,L1,w,occasion,U10P3 U10P4 nextbookP12 nextbookP12
B1.3,10,L1,w,tribute,U10P10 U10P5 nextbookP12 nextbookP12
B1.3,10,L1,w,acknowledgement,U10P4 U10P5 nextbookP12 nextbookP12
B1.3,10,L1,w,promotion,U10P5 U10P11 nextbookP12 nextbookP12
B1.3,10,L1,c,take the floor,U10P10 U10P11 nextbookP12 nextbookP12
B1.3,10,L1,c,a few words,U10P11 U10P5 nextbookP12 nextbookP12
B1.3,10,L1,c,on this occasion,U10P8 U10P4 nextbookP12 nextbookP12
B1.3,10,L1,c,in all my years,U10P3 U10P11 nextbookP12 nextbookP12
B1.3,10,L1,c,the night shift,U10P3 U10P5 nextbookP12 nextbookP12
B1.3,10,L1,c,a step up,U10P5 U10P8 nextbookP12 nextbookP12
B1.3,10,L1,p,stand down,U10P11 U10P5 nextbookP12 nextbookP12
B1.3,10,L1,p,take on,U10P10 U10P8 nextbookP12 nextbookP12
B1.3,10,L1,p,turn down,U10P4 U10P3 nextbookP12 nextbookP12
B1.3,10,L1,f,never have I been so,U10P5 U10P11 nextbookP12 nextbookP12
B1.3,10,L1,f,I did not ask for this,U10P5 U10P4 nextbookP12 nextbookP12
B1.3,10,L2,w,never,U10P8 U10P4 nextbookP12 nextbookP12
B1.3,10,L2,w,rarely,U10P4 U10P8 nextbookP12 nextbookP12
B1.3,10,L2,w,seldom,U10P3 U10P10 nextbookP12 nextbookP12
B1.3,10,L2,w,little,U10P3 U10P4 nextbookP12 nextbookP12
B1.3,10,L2,w,hardly,U10P11 U10P8 nextbookP12 nextbookP12
B1.3,10,L2,w,scarcely,U10P11 U10P5 nextbookP12 nextbookP12
B1.3,10,L2,w,nowhere,U10P8 U10P5 nextbookP12 nextbookP12
B1.3,10,L2,w,nor,U10P11 U10P5 nextbookP12 nextbookP12
B1.3,10,L2,w,neither,U10P4 U10P3 nextbookP12 nextbookP12
B1.3,10,L2,w,only,U10P8 U10P5 nextbookP12 nextbookP12
B1.3,10,L2,w,no sooner,U10P8 U10P5 nextbookP12 nextbookP12
B1.3,10,L2,c,not until,U10P4 U10P11 nextbookP12 nextbookP12
B1.3,10,L2,c,at no point,U10P11 U10P4 nextbookP12 nextbookP12
B1.3,10,L2,c,under no circumstances,U10P5 U10P4 nextbookP12 nextbookP12
B1.3,10,L2,c,only then,U10P3 U10P5 nextbookP12 nextbookP12
B1.3,10,L2,c,no sooner had,U10P5 U10P3 nextbookP12 nextbookP12
B1.3,10,L2,c,little did we know,U10P5 U10P11 nextbookP12 nextbookP12
B1.3,10,L2,c,not once,U10P11 U10P10 nextbookP12 nextbookP12
B1.3,10,L2,p,set out,U10P10 U10P8 nextbookP12 nextbookP12
B1.3,10,L2,p,look back,U10P8 U10P10 nextbookP12 nextbookP12
B1.3,10,L2,p,rise to,U10P10 U10P4 nextbookP12 nextbookP12
B1.3,10,L2,f,not for one moment,U10P11 U10P8 nextbookP12 nextbookP12
B2.1,1,L1,w,verification,U1P5 U1P10 U4P12 U5P9
B2.1,1,L1,w,evidence,U1P4 U1P11 U7P12 U10P2
B2.1,1,L1,w,claim,U1P10 U1P8 U5P12 U9P2
B2.1,1,L1,w,source,U1P10 U1P4 U4P12 U6P10
B2.1,1,L1,w,corroboration,U1P4 U1P11 U3P12 U6P5
B2.1,1,L1,w,embargo,U1P4 U1P11 U6P12 U7P10
B2.1,1,L1,w,correction,U1P3 U1P8 U4P12 U6P2
B2.1,1,L1,w,retraction,U1P10 U1P4 U7P12 U10P9
B2.1,1,L1,w,stringer,U1P8 U1P3 U2P12 U10P5
B2.1,1,L1,w,dateline,U1P4 U1P11 U2P12 U5P2
B2.1,1,L1,w,provenance,U1P4 U1P8 U2P12 U10P9
B2.1,1,L1,w,attribution,U1P5 U1P10 U2P12 U6P9
B2.1,1,L1,c,stand a story up,U1P5 U1P11 U2P12 U10P10
B2.1,1,L1,c,a single source,U1P8 U1P10 U2P12 U5P10
B2.1,1,L1,c,on the record,U1P8 U1P11 U2P12 U7P2
B2.1,1,L1,c,off the record,U1P5 U1P4 U7P12 U10P10
B2.1,1,L1,c,a working assumption,U1P11 U1P4 U5P12 U10P10
B2.1,1,L1,c,run a correction,U1P11 U1P8 U2P12 U3P2
B2.1,1,L1,c,hold the line,U1P11 U1P10 U3P12 U10P2
B2.1,1,L1,c,a verified account,U1P11 U1P8 U7P12 U9P9
B2.1,1,L1,c,the cost of being first,U1P10 U1P3 U3P12 U9P5
B2.1,1,L1,c,a story with legs,U1P11 U1P5 U4P12 U7P9
B2.1,1,L1,p,stand up,U1P11 U1P3 U7P12 U8P9
B2.1,1,L1,p,back up,U1P11 U1P4 U2P12 U4P5
B2.1,1,L1,p,hold off,U1P3 U1P4 U8P12 U9P10
B2.1,1,L1,f,we can't stand it up,U1P3 U1P11 U2P12 U8P10
B2.1,1,L1,f,it checks out,U1P8 U1P3 U3P12 U6P2
B2.1,1,L1,f,who else has it?,U1P8 U1P11 U3P12 U10P5
B2.1,1,L2,w,ongoing,U1P10 U1P4 U8P12 U9P9
B2.1,1,L2,w,momentary,U1P5 U1P8 U3P12 U6P5
B2.1,1,L2,w,habitual,U1P4 U1P11 U3P12 U7P10
B2.1,1,L2,w,iterative,U1P4 U1P5 U3P12 U7P10
B2.1,1,L2,w,provisional,U1P3 U1P8 U5P12 U8P9
B2.1,1,L2,w,settled,U1P5 U1P3 U2P12 U3P10
B2.1,1,L2,w,unfolding,U1P11 U1P10 U2P12 U10P5
B2.1,1,L2,w,emergent,U1P10 U1P4 U2P12 U7P9
B2.1,1,L2,c,as it stands,U1P5 U1P4 U5P12 U6P2
B2.1,1,L2,c,at the time of writing,U1P11 U1P5 U3P12 U7P10
B2.1,1,L2,c,has been developing,U1P11 U1P4 U4P12 U6P2
B2.1,1,L2,c,is being treated as,U1P8 U1P5 U8P12 U10P5
B2.1,1,L2,c,was being described as,U1P3 U1P4 U3P12 U10P5
B2.1,1,L2,c,is understood to,U1P8 U1P11 U7P12 U10P9
B2.1,1,L2,c,had been expecting,U1P5 U1P3 U2P12 U7P10
B2.1,1,L2,c,is thought to have,U1P5 U1P10 U3P12 U8P2
B2.1,1,L2,p,play out,U1P3 U1P10 U2P12 U7P2
B2.1,1,L2,p,bear out,U1P8 U1P3 U7P12 U9P9
B2.1,1,L2,p,pan out,U1P11 U1P10 U7P12 U9P10
B2.1,1,L2,f,the situation is developing,U1P4 U1P10 U3P12 U4P2
B2.1,1,L2,f,we understand that,U1P4 U1P8 U2P12 U3P10
B2.1,1,L2,f,it now appears that,U1P4 U1P5 U7P12 U9P10
B2.1,2,L1,w,byline,U2P3 U2P4 U4P12 U10P2
B2.1,2,L1,w,spokesperson,U2P5 U2P3 U7P12 U9P2
B2.1,2,L1,w,readership,U2P3 U2P4 U3P12 U10P9
B2.1,2,L1,w,constituency,U2P8 U2P5 U5P12 U9P9
B2.1,2,L1,w,columnist,U2P4 U2P5 U5P12 U10P9
B2.1,2,L1,w,editorial,U2P8 U2P11 U5P12 U10P5
B2.1,2,L1,w,outlet,U2P5 U2P11 U5P12 U7P10
B2.1,2,L1,w,audience,U2P11 U2P10 U6P12 U10P5
B2.1,2,L1,w,membership,U2P4 U2P5 U3P12 U9P9
B2.1,2,L1,w,following,U2P8 U2P4 U8P12 U10P10
B2.1,2,L1,w,correspondent,U2P3 U2P5 U7P12 U9P2
B2.1,2,L1,w,voice,U2P4 U2P5 U9P12 U10P2
B2.1,2,L1,c,speak for,U2P11 U2P5 U7P12 U8P9
B2.1,2,L1,c,on behalf of,U2P8 U2P10 U8P12 U9P5
B2.1,2,L1,c,our readers,U2P11 U2P4 U7P12 U8P9
B2.1,2,L1,c,the paper's view,U2P10 U2P5 U8P12 U10P9
B2.1,2,L1,c,a named writer,U2P5 U2P3 U4P12 U5P5
B2.1,2,L1,c,an unsigned piece,U2P11 U2P3 U3P12 U8P2
B2.1,2,L1,c,local to the story,U2P3 U2P8 U4P12 U9P5
B2.1,2,L1,c,an outsider's account,U2P5 U2P11 U7P12 U9P10
B2.1,2,L1,c,the community affected,U2P4 U2P5 U3P12 U7P2
B2.1,2,L1,c,whose paper is it,U2P3 U2P4 U3P12 U6P2
B2.1,2,L1,p,speak up,U2P11 U2P4 U4P12 U6P9
B2.1,2,L1,p,stand in,U2P10 U2P8 U5P12 U7P5
B2.1,2,L1,p,write up,U2P4 U2P8 U4P12 U9P2
B2.1,2,L1,f,we have always said,U2P5 U2P11 U5P12 U7P10
B2.1,2,L1,f,this paper believes,U2P10 U2P11 U6P12 U8P10
B2.1,2,L1,f,who is the we here?,U2P3 U2P8 U3P12 U9P5
B2.1,2,L2,w,inclusive,U2P4 U2P11 U4P12 U5P5
B2.1,2,L2,w,exclusive,U2P5 U2P3 U8P12 U9P2
B2.1,2,L2,w,collective,U2P5 U2P4 U4P12 U6P5
B2.1,2,L2,w,impersonal,U2P4 U2P11 U7P12 U10P9
B2.1,2,L2,w,generic,U2P11 U2P10 U4P12 U10P10
B2.1,2,L2,w,institutional,U2P5 U2P4 U4P12 U10P10
B2.1,2,L2,w,corporate,U2P10 U2P3 U7P12 U10P2
B2.1,2,L2,w,anonymous,U2P5 U2P3 U3P12 U6P10
B2.1,2,L2,c,the royal we,U2P8 U2P11 U4P12 U10P5
B2.1,2,L2,c,one might say,U2P10 U2P11 U4P12 U10P9
B2.1,2,L2,c,it is widely held,U2P4 U2P8 U4P12 U8P10
B2.1,2,L2,c,the present writer,U2P4 U2P10 U5P12 U10P10
B2.1,2,L2,c,in this paper,U2P8 U2P11 U8P12 U10P9
B2.1,2,L2,c,speaking personally,U2P5 U2P4 U7P12 U8P9
B2.1,2,L2,c,as a reader,U2P11 U2P5 U5P12 U9P5
B2.1,2,L2,c,the general view,U2P5 U2P3 U6P12 U8P2
B2.1,2,L2,p,own up,U2P5 U2P4 U4P12 U6P5
B2.1,2,L2,p,take over,U2P8 U2P10 U3P12 U6P2
B2.1,2,L2,p,sign off,U2P8 U2P11 U8P12 U10P10
B2.1,2,L2,f,speaking for myself,U2P8 U2P3 U6P12 U7P9
B2.1,2,L2,f,we take the view that,U2P8 U2P4 U5P12 U9P10
B2.1,2,L2,f,that is not our position,U2P4 U2P3 U4P12 U9P2
B2.1,3,L1,w,risk,U3P5 U3P8 U6P12 U8P5
B2.1,3,L1,w,hazard,U3P10 U3P8 U7P12 U10P9
B2.1,3,L1,w,exposure,U3P8 U3P3 U7P12 U10P9
B2.1,3,L1,w,incidence,U3P11 U3P3 U5P12 U8P5
B2.1,3,L1,w,prevalence,U3P4 U3P10 U6P12 U9P2
B2.1,3,L1,w,baseline,U3P5 U3P11 U5P12 U10P10
B2.1,3,L1,w,confidence,U3P5 U3P3 U5P12 U10P5
B2.1,3,L1,w,interval,U3P5 U3P10 U4P12 U5P9
B2.1,3,L1,w,significance,U3P11 U3P10 U9P12 U10P2
B2.1,3,L1,w,correlation,U3P4 U3P3 U8P12 U10P5
B2.1,3,L1,w,causation,U3P10 U3P5 U6P12 U9P5
B2.1,3,L1,w,cohort,U3P8 U3P4 U6P12 U8P10
B2.1,3,L1,c,absolute risk,U3P3 U3P11 U5P12 U6P10
B2.1,3,L1,c,relative risk,U3P3 U3P11 U6P12 U8P2
B2.1,3,L1,c,a doubling of risk,U3P10 U3P3 U4P12 U5P5
B2.1,3,L1,c,the base rate,U3P11 U3P4 U4P12 U6P5
B2.1,3,L1,c,statistically significant,U3P5 U3P8 U5P12 U7P5
B2.1,3,L1,c,a causal link,U3P4 U3P11 U7P12 U8P10
B2.1,3,L1,c,the margin of error,U3P3 U3P5 U8P12 U9P2
B2.1,3,L1,c,peer reviewed,U3P4 U3P3 U5P12 U9P10
B2.1,3,L1,c,a preprint,U3P5 U3P3 U6P12 U8P10
B2.1,3,L1,c,a press release,U3P4 U3P11 U4P12 U8P2
B2.1,3,L1,p,scale up,U3P8 U3P4 U5P12 U6P10
B2.1,3,L1,p,rule out,U3P11 U3P5 U6P12 U7P10
B2.1,3,L1,p,bear in mind,U3P4 U3P3 U4P12 U8P10
B2.1,3,L1,f,the evidence does not support that,U3P5 U3P8 U7P12 U8P5
B2.1,3,L1,f,it may well be,U3P3 U3P10 U4P12 U10P10
B2.1,3,L1,f,we cannot rule it out,U3P11 U3P5 U5P12 U7P9
B2.1,3,L2,w,conceivably,U3P11 U3P3 U5P12 U8P2
B2.1,3,L2,w,arguably,U3P8 U3P5 U7P12 U8P2
B2.1,3,L2,w,presumably,U3P4 U3P11 U4P12 U7P10
B2.1,3,L2,w,ostensibly,U3P11 U3P8 U6P12 U9P2
B2.1,3,L2,w,allegedly,U3P3 U3P5 U4P12 U9P2
B2.1,3,L2,w,reportedly,U3P4 U3P3 U4P12 U7P5
B2.1,3,L2,w,demonstrably,U3P5 U3P11 U6P12 U9P2
B2.1,3,L2,w,unequivocally,U3P4 U3P11 U4P12 U8P10
B2.1,3,L2,c,is likely to,U3P5 U3P10 U5P12 U6P9
B2.1,3,L2,c,is bound to,U3P11 U3P10 U4P12 U6P10
B2.1,3,L2,c,might well have,U3P10 U3P8 U7P12 U9P10
B2.1,3,L2,c,could hardly have,U3P3 U3P4 U5P12 U8P2
B2.1,3,L2,c,must surely be,U3P4 U3P8 U5P12 U9P5
B2.1,3,L2,c,may or may not,U3P10 U3P11 U4P12 U8P9
B2.1,3,L2,c,is said to,U3P4 U3P8 U4P12 U5P10
B2.1,3,L2,c,has yet to be,U3P11 U3P10 U5P12 U10P9
B2.1,3,L2,p,hedge about,U3P3 U3P8 U6P12 U10P2
B2.1,3,L2,p,come down on,U3P4 U3P3 U6P12 U10P9
B2.1,3,L2,p,hold back,U3P8 U3P5 U4P12 U8P2
B2.1,3,L2,f,on the balance of probability,U3P5 U3P11 U9P12 U10P10
B2.1,3,L2,f,to the best of our knowledge,U3P4 U3P5 U4P12 U7P9
B2.1,3,L2,f,that is overstating it,U3P5 U3P3 U5P12 U9P5
B2.1,4,L1,w,forecast,U4P8 U4P3 U7P12 U10P9
B2.1,4,L1,w,projection,U4P8 U4P5 U9P12 U10P2
B2.1,4,L1,w,scenario,U4P8 U4P10 U5P12 U6P9
B2.1,4,L1,w,trajectory,U4P5 U4P11 U7P12 U9P10
B2.1,4,L1,w,revision,U4P3 U4P5 U5P12 U9P10
B2.1,4,L1,w,hindsight,U4P8 U4P4 U5P12 U9P2
B2.1,4,L1,w,foresight,U4P5 U4P8 U5P12 U7P9
B2.1,4,L1,w,contingency,U4P4 U4P11 U8P12 U10P10
B2.1,4,L1,w,overrun,U4P10 U4P5 U6P12 U7P10
B2.1,4,L1,w,shortfall,U4P11 U4P5 U5P12 U7P2
B2.1,4,L1,w,horizon,U4P3 U4P10 U6P12 U8P9
B2.1,4,L1,w,assumption,U4P10 U4P8 U7P12 U8P9
B2.1,4,L1,c,on current trends,U4P8 U4P5 U5P12 U10P5
B2.1,4,L1,c,a worst case,U4P10 U4P4 U5P12 U9P9
B2.1,4,L1,c,the central estimate,U4P4 U4P8 U7P12 U8P9
B2.1,4,L1,c,revised downwards,U4P5 U4P8 U6P12 U7P10
B2.1,4,L1,c,with hindsight,U4P4 U4P5 U5P12 U6P2
B2.1,4,L1,c,as things turned out,U4P8 U4P11 U8P12 U9P10
B2.1,4,L1,c,the plan was to,U4P10 U4P3 U6P12 U7P9
B2.1,4,L1,c,a missed deadline,U4P11 U4P10 U6P12 U8P5
B2.1,4,L1,c,an optimistic forecast,U4P5 U4P4 U7P12 U8P2
B2.1,4,L1,c,the gap between,U4P8 U4P3 U6P12 U10P10
B2.1,4,L1,p,fall through,U4P8 U4P4 U7P12 U9P2
B2.1,4,L1,p,come off,U4P3 U4P10 U7P12 U10P5
B2.1,4,L1,p,hold up,U4P10 U4P8 U5P12 U10P9
B2.1,4,L1,f,it was supposed to be,U4P4 U4P3 U5P12 U8P10
B2.1,4,L1,f,that never happened,U4P11 U4P10 U6P12 U8P5
B2.1,4,L1,f,nobody saw it coming,U4P11 U4P8 U5P12 U10P5
B2.1,4,L2,w,eventually,U4P11 U4P10 U6P12 U8P9
B2.1,4,L2,w,ultimately,U4P10 U4P4 U8P12 U10P2
B2.1,4,L2,w,subsequently,U4P8 U4P11 U7P12 U8P10
B2.1,4,L2,w,originally,U4P5 U4P4 U8P12 U10P9
B2.1,4,L2,w,formerly,U4P5 U4P3 U7P12 U9P2
B2.1,4,L2,w,latterly,U4P5 U4P8 U6P12 U10P2
B2.1,4,L2,w,prospectively,U4P11 U4P8 U5P12 U9P9
B2.1,4,L2,w,retrospectively,U4P3 U4P10 U7P12 U10P5
B2.1,4,L2,c,was going to,U4P8 U4P10 U5P12 U8P2
B2.1,4,L2,c,was due to,U4P3 U4P11 U6P12 U10P5
B2.1,4,L2,c,was about to,U4P11 U4P8 U5P12 U6P10
B2.1,4,L2,c,would have been,U4P8 U4P3 U5P12 U7P2
B2.1,4,L2,c,had intended to,U4P11 U4P3 U5P12 U6P10
B2.1,4,L2,c,was to have been,U4P8 U4P4 U5P12 U7P5
B2.1,4,L2,c,would later,U4P5 U4P10 U8P12 U10P5
B2.1,4,L2,c,as it would turn out,U4P8 U4P5 U7P12 U10P5
B2.1,4,L2,p,back out,U4P5 U4P8 U5P12 U8P2
B2.1,4,L2,p,pull out,U4P11 U4P10 U5P12 U8P9
B2.1,4,L2,p,call off,U4P8 U4P10 U5P12 U9P9
B2.1,4,L2,f,it would be years before,U4P4 U4P8 U5P12 U7P2
B2.1,4,L2,f,that was the plan,U4P11 U4P3 U5P12 U7P2
B2.1,4,L2,f,in the event,U4P11 U4P8 U7P12 U8P2
B2.1,5,L1,w,clause,U5P3 U5P4 U6P12 U9P5
B2.1,5,L1,w,term,U5P3 U5P4 U6P12 U10P5
B2.1,5,L1,w,undertaking,U5P3 U5P10 U7P12 U8P5
B2.1,5,L1,w,waiver,U5P10 U5P3 U8P12 U10P10
B2.1,5,L1,w,indemnity,U5P11 U5P4 U7P12 U9P9
B2.1,5,L1,w,precedent,U5P10 U5P11 U6P12 U9P2
B2.1,5,L1,w,covenant,U5P4 U5P5 U6P12 U8P10
B2.1,5,L1,w,breach,U5P5 U5P3 U7P12 U8P10
B2.1,5,L1,w,remedy,U5P8 U5P5 U6P12 U9P10
B2.1,5,L1,w,settlement,U5P8 U5P4 U6P12 U10P2
B2.1,5,L1,w,arbitration,U5P3 U5P10 U7P12 U10P5
B2.1,5,L1,w,concession,U5P10 U5P3 U8P12 U9P5
B2.1,5,L1,c,subject to contract,U5P4 U5P8 U9P12 U10P10
B2.1,5,L1,c,on the understanding that,U5P8 U5P10 U7P12 U10P10
B2.1,5,L1,c,without prejudice,U5P4 U5P8 U7P12 U9P10
B2.1,5,L1,c,a material breach,U5P4 U5P8 U7P12 U10P10
B2.1,5,L1,c,in good faith,U5P11 U5P4 U7P12 U9P2
B2.1,5,L1,c,the governing law,U5P3 U5P5 U8P12 U10P2
B2.1,5,L1,c,a break clause,U5P10 U5P4 U8P12 U10P5
B2.1,5,L1,c,terms and conditions,U5P5 U5P4 U7P12 U9P5
B2.1,5,L1,c,a side letter,U5P5 U5P4 U7P12 U10P10
B2.1,5,L1,c,to the extent that,U5P8 U5P5 U6P12 U7P9
B2.1,5,L1,p,hammer out,U5P3 U5P10 U9P12 U10P10
B2.1,5,L1,p,draw up,U5P8 U5P11 U7P12 U8P2
B2.1,5,L1,p,water down,U5P3 U5P11 U6P12 U7P10
B2.1,5,L1,f,that is not what we agreed,U5P5 U5P10 U6P12 U7P10
B2.1,5,L1,f,we can live with that,U5P10 U5P4 U6P12 U8P5
B2.1,5,L1,f,it depends what you mean by,U5P8 U5P5 U7P12 U10P5
B2.1,5,L2,w,provided,U5P11 U5P3 U7P12 U9P2
B2.1,5,L2,w,supposing,U5P4 U5P11 U6P12 U8P10
B2.1,5,L2,w,unless,U5P5 U5P3 U8P12 U10P5
B2.1,5,L2,w,otherwise,U5P8 U5P10 U6P12 U9P2
B2.1,5,L2,w,failing,U5P10 U5P4 U8P12 U9P5
B2.1,5,L2,w,absent,U5P4 U5P10 U7P12 U9P2
B2.1,5,L2,w,notwithstanding,U5P10 U5P5 U6P12 U8P5
B2.1,5,L2,w,insofar,U5P5 U5P10 U6P12 U7P10
B2.1,5,L2,c,as long as,U5P5 U5P10 U8P12 U9P2
B2.1,5,L2,c,on condition that,U5P4 U5P11 U6P12 U7P2
B2.1,5,L2,c,in the event that,U5P11 U5P5 U6P12 U10P10
B2.1,5,L2,c,but for,U5P4 U5P10 U7P12 U9P10
B2.1,5,L2,c,were it not for,U5P10 U5P4 U7P12 U8P10
B2.1,5,L2,c,given that,U5P4 U5P11 U6P12 U8P10
B2.1,5,L2,c,assuming that,U5P10 U5P3 U8P12 U9P5
B2.1,5,L2,c,only if,U5P5 U5P8 U6P12 U10P10
B2.1,5,L2,p,fall back on,U5P8 U5P10 U8P12 U9P2
B2.1,5,L2,p,hold out for,U5P10 U5P11 U8P12 U10P9
B2.1,5,L2,p,give in,U5P5 U5P4 U6P12 U8P10
B2.1,5,L2,f,but for that,U5P3 U5P8 U7P12 U10P2
B2.1,5,L2,f,all other things being equal,U5P8 U5P11 U6P12 U7P9
B2.1,5,L2,f,that is conditional on,U5P4 U5P10 U6P12 U7P5
B2.1,6,L1,w,explanation,U6P3 U6P4 U8P12 U9P2
B2.1,6,L1,w,emphasis,U6P4 U6P11 U7P12 U10P9
B2.1,6,L1,w,clarity,U6P8 U6P11 U7P12 U8P5
B2.1,6,L1,w,ambiguity,U6P4 U6P5 U7P12 U9P5
B2.1,6,L1,w,paraphrase,U6P5 U6P4 U7P12 U8P10
B2.1,6,L1,w,analogy,U6P8 U6P11 U9P12 U10P5
B2.1,6,L1,w,scaffolding,U6P5 U6P3 U8P12 U10P10
B2.1,6,L1,w,misconception,U6P10 U6P3 U8P12 U9P10
B2.1,6,L1,w,demonstration,U6P10 U6P5 U9P12 U10P9
B2.1,6,L1,w,prerequisite,U6P8 U6P4 U7P12 U9P5
B2.1,6,L1,w,intuition,U6P4 U6P3 U7P12 U10P5
B2.1,6,L1,w,abstraction,U6P4 U6P10 U7P12 U10P2
B2.1,6,L1,c,the key point is,U6P8 U6P10 U8P12 U9P10
B2.1,6,L1,c,what matters here,U6P3 U6P5 U7P12 U10P10
B2.1,6,L1,c,a worked example,U6P10 U6P5 U8P12 U10P9
B2.1,6,L1,c,in other words,U6P4 U6P3 U8P12 U10P5
B2.1,6,L1,c,to put it another way,U6P3 U6P4 U8P12 U10P2
B2.1,6,L1,c,the thing to notice,U6P10 U6P3 U8P12 U9P10
B2.1,6,L1,c,a common misconception,U6P4 U6P8 U9P12 U10P9
B2.1,6,L1,c,step by step,U6P5 U6P10 U8P12 U9P9
B2.1,6,L1,c,from first principles,U6P5 U6P8 U7P12 U9P2
B2.1,6,L1,c,the short answer,U6P4 U6P10 U7P12 U8P10
B2.1,6,L1,p,go over,U6P5 U6P11 U9P12 U10P9
B2.1,6,L1,p,break down,U6P10 U6P11 U7P12 U9P5
B2.1,6,L1,p,spell out,U6P10 U6P11 U7P12 U9P2
B2.1,6,L1,f,let me put it another way,U6P10 U6P3 U9P12 U10P5
B2.1,6,L1,f,the point I am making is,U6P5 U6P8 U7P12 U10P10
B2.1,6,L1,f,that is the whole idea,U6P3 U6P10 U9P12 U10P10
B2.1,6,L2,w,namely,U6P8 U6P11 U8P12 U10P10
B2.1,6,L2,w,specifically,U6P5 U6P3 U7P12 U10P9
B2.1,6,L2,w,precisely,U6P5 U6P3 U9P12 U10P5
B2.1,6,L2,w,chiefly,U6P4 U6P11 U9P12 U10P2
B2.1,6,L2,w,notably,U6P11 U6P8 U8P12 U9P2
B2.1,6,L2,w,essentially,U6P8 U6P3 U9P12 U10P2
B2.1,6,L2,w,fundamentally,U6P11 U6P4 U8P12 U9P2
B2.1,6,L2,w,crucially,U6P8 U6P4 U8P12 U10P9
B2.1,6,L2,c,what matters is,U6P8 U6P10 U9P12 U10P10
B2.1,6,L2,c,the reason is that,U6P3 U6P8 U7P12 U8P2
B2.1,6,L2,c,all I did was,U6P4 U6P10 U7P12 U9P2
B2.1,6,L2,c,the thing that,U6P4 U6P8 U7P12 U8P9
B2.1,6,L2,c,where it goes wrong is,U6P10 U6P4 U8P12 U9P5
B2.1,6,L2,c,what happened was,U6P4 U6P3 U9P12 U10P2
B2.1,6,L2,c,that is why,U6P3 U6P8 U7P12 U9P2
B2.1,6,L2,c,it was then that,U6P3 U6P10 U7P12 U9P5
B2.1,6,L2,p,boil down to,U6P10 U6P4 U8P12 U9P10
B2.1,6,L2,p,come down to,U6P4 U6P3 U7P12 U9P5
B2.1,6,L2,p,point out,U6P11 U6P5 U8P12 U9P2
B2.1,6,L2,f,it is not that,U6P8 U6P11 U9P12 U10P2
B2.1,6,L2,f,what I mean is,U6P10 U6P8 U9P12 U10P5
B2.1,6,L2,f,this is the bit that,U6P3 U6P8 U8P12 U10P2
B2.1,7,L1,w,measurement,U7P5 U7P3 U8P12 U10P5
B2.1,7,L1,w,calibration,U7P5 U7P3 U9P12 U10P2
B2.1,7,L1,w,anomaly,U7P10 U7P3 U8P12 U10P2
B2.1,7,L1,w,benchmark,U7P5 U7P11 U8P12 U9P10
B2.1,7,L1,w,aggregation,U7P11 U7P5 U8P12 U10P9
B2.1,7,L1,w,granularity,U7P5 U7P4 U8P12 U9P9
B2.1,7,L1,w,resolution,U7P11 U7P10 U8P12 U9P9
B2.1,7,L1,w,variance,U7P3 U7P8 U8P12 U10P5
B2.1,7,L1,w,uncertainty,U7P10 U7P3 U8P12 U9P9
B2.1,7,L1,w,proxy,U7P11 U7P4 U9P12 U10P9
B2.1,7,L1,w,metric,U7P8 U7P11 U9P12 U10P10
B2.1,7,L1,w,series,U7P11 U7P4 U8P12 U10P9
B2.1,7,L1,c,a rolling average,U7P5 U7P4 U8P12 U9P2
B2.1,7,L1,c,the y axis,U7P3 U7P10 U8P12 U9P10
B2.1,7,L1,c,a truncated scale,U7P10 U7P4 U8P12 U9P2
B2.1,7,L1,c,a cherry-picked window,U7P3 U7P8 U8P12 U10P10
B2.1,7,L1,c,year on year,U7P11 U7P4 U8P12 U9P9
B2.1,7,L1,c,the underlying data,U7P5 U7P3 U8P12 U9P5
B2.1,7,L1,c,a data point,U7P11 U7P8 U8P12 U9P2
B2.1,7,L1,c,a reporting period,U7P10 U7P5 U8P12 U10P9
B2.1,7,L1,c,a confidence band,U7P5 U7P8 U9P12 U10P2
B2.1,7,L1,c,the raw figures,U7P5 U7P3 U8P12 U10P2
B2.1,7,L1,p,smooth out,U7P10 U7P4 U8P12 U9P10
B2.1,7,L1,p,filter out,U7P10 U7P11 U9P12 U10P9
B2.1,7,L1,p,level off,U7P10 U7P4 U8P12 U9P10
B2.1,7,L1,f,the chart does not show,U7P5 U7P10 U9P12 U10P10
B2.1,7,L1,f,that is a different question,U7P3 U7P5 U8P12 U9P9
B2.1,7,L1,f,compared with what?,U7P4 U7P8 U8P12 U10P10
B2.1,7,L2,w,reduction,U7P3 U7P5 U9P12 U10P2
B2.1,7,L2,w,expansion,U7P8 U7P10 U9P12 U10P2
B2.1,7,L2,w,deterioration,U7P5 U7P8 U9P12 U10P5
B2.1,7,L2,w,improvement,U7P3 U7P8 U8P12 U10P10
B2.1,7,L2,w,implementation,U7P4 U7P3 U9P12 U10P5
B2.1,7,L2,w,acknowledgement,U7P10 U7P4 U8P12 U9P2
B2.1,7,L2,w,assessment,U7P11 U7P10 U8P12 U10P10
B2.1,7,L2,w,derivation,U7P3 U7P5 U8P12 U10P5
B2.1,7,L2,c,the reduction of,U7P11 U7P3 U8P12 U10P10
B2.1,7,L2,c,a deterioration in,U7P8 U7P3 U8P12 U9P9
B2.1,7,L2,c,the implementation of,U7P3 U7P8 U8P12 U10P2
B2.1,7,L2,c,an increase in,U7P10 U7P3 U9P12 U10P10
B2.1,7,L2,c,subject to revision,U7P3 U7P4 U8P12 U9P9
B2.1,7,L2,c,in the order of,U7P3 U7P8 U9P12 U10P5
B2.1,7,L2,c,a matter of,U7P11 U7P8 U8P12 U9P10
B2.1,7,L2,c,the question of,U7P8 U7P5 U9P12 U10P5
B2.1,7,L2,p,account for,U7P4 U7P10 U9P12 U10P10
B2.1,7,L2,p,allow for,U7P3 U7P8 U8P12 U10P2
B2.1,7,L2,p,factor in,U7P5 U7P11 U8P12 U10P2
B2.1,7,L2,f,that is a nominalisation,U7P8 U7P4 U9P12 U10P2
B2.1,7,L2,f,who did what to whom,U7P3 U7P10 U8P12 U9P10
B2.1,7,L2,f,the verb has gone missing,U7P5 U7P4 U8P12 U10P5
B2.1,8,L1,w,edit,U8P10 U8P4 U9P12 U10P2
B2.1,8,L1,w,cut,U8P11 U8P5 U9P12 U10P2
B2.1,8,L1,w,trim,U8P4 U8P10 U9P12 U10P9
B2.1,8,L1,w,abstract,U8P11 U8P5 U9P12 U10P10
B2.1,8,L1,w,caption,U8P11 U8P10 U9P12 U10P9
B2.1,8,L1,w,standfirst,U8P5 U8P3 U9P12 U10P5
B2.1,8,L1,w,kicker,U8P3 U8P11 U9P12 U10P9
B2.1,8,L1,w,redundancy,U8P4 U8P8 U9P12 U10P5
B2.1,8,L1,w,verbosity,U8P8 U8P5 U9P12 U10P9
B2.1,8,L1,w,concision,U8P10 U8P11 U9P12 U10P10
B2.1,8,L1,w,draft,U8P10 U8P5 U9P12 U10P9
B2.1,8,L1,w,proof,U8P8 U8P11 U9P12 U10P9
B2.1,8,L1,c,a first pass,U8P4 U8P3 U9P12 U10P2
B2.1,8,L1,c,kill a paragraph,U8P5 U8P4 U9P12 U10P10
B2.1,8,L1,c,tighten it up,U8P11 U8P8 U9P12 U10P5
B2.1,8,L1,c,the word count,U8P3 U8P5 U9P12 U10P5
B2.1,8,L1,c,down to length,U8P10 U8P5 U9P12 U10P5
B2.1,8,L1,c,an edited version,U8P10 U8P11 U9P12 U10P9
B2.1,8,L1,c,a working draft,U8P8 U8P4 U9P12 U10P9
B2.1,8,L1,c,the final cut,U8P3 U8P11 U9P12 U10P9
B2.1,8,L1,c,a hard cut,U8P10 U8P11 U9P12 U10P2
B2.1,8,L1,c,what survives,U8P11 U8P5 U9P12 U10P9
B2.1,8,L1,p,cut down,U8P10 U8P5 U9P12 U10P2
B2.1,8,L1,p,chop out,U8P8 U8P11 U9P12 U10P10
B2.1,8,L1,p,pare back,U8P11 U8P4 U9P12 U10P5
B2.1,8,L1,f,it can go,U8P10 U8P5 U9P12 U10P5
B2.1,8,L1,f,we are over by forty,U8P4 U8P8 U9P12 U10P9
B2.1,8,L1,f,nobody will miss it,U8P5 U8P10 U9P12 U10P10
B2.1,8,L2,w,one,U8P11 U8P10 U9P12 U10P2
B2.1,8,L2,w,ones,U8P10 U8P3 U9P12 U10P10
B2.1,8,L2,w,so,U8P10 U8P5 U9P12 U10P9
B2.1,8,L2,w,such,U8P5 U8P4 U9P12 U10P10
B2.1,8,L2,w,neither,U8P10 U8P3 U9P12 U10P9
B2.1,8,L2,w,either,U8P5 U8P10 U9P12 U10P9
B2.1,8,L2,w,likewise,U8P11 U8P3 U9P12 U10P5
B2.1,8,L2,w,elsewhere,U8P4 U8P10 U9P12 U10P10
B2.1,8,L2,c,do so,U8P8 U8P5 U9P12 U10P10
B2.1,8,L2,c,do it,U8P4 U8P10 U9P12 U10P2
B2.1,8,L2,c,the same,U8P11 U8P4 U9P12 U10P2
B2.1,8,L2,c,if so,U8P3 U8P11 U9P12 U10P5
B2.1,8,L2,c,if not,U8P4 U8P5 U9P12 U10P10
B2.1,8,L2,c,as such,U8P8 U8P11 U9P12 U10P5
B2.1,8,L2,c,the former,U8P3 U8P4 U9P12 U10P5
B2.1,8,L2,c,the latter,U8P4 U8P3 U9P12 U10P2
B2.1,8,L2,p,leave out,U8P5 U8P10 U9P12 U10P9
B2.1,8,L2,p,stand in for,U8P3 U8P8 U9P12 U10P2
B2.1,8,L2,p,do without,U8P11 U8P5 U9P12 U10P10
B2.1,8,L2,f,so does mine,U8P8 U8P10 U9P12 U10P2
B2.1,8,L2,f,neither did I,U8P11 U8P10 U9P12 U10P5
B2.1,8,L2,f,I will if you will,U8P11 U8P4 U9P12 U10P2
B2.1,9,L1,w,desk,U9P10 U9P8 U10P12 nextbookP12
B2.1,9,L1,w,deadline,U9P10 U9P8 U10P12 nextbookP12
B2.1,9,L1,w,channel,U9P4 U9P11 U10P12 nextbookP12
B2.1,9,L1,w,slot,U9P8 U9P3 U10P12 nextbookP12
B2.1,9,L1,w,circulation,U9P5 U9P10 U10P12 nextbookP12
B2.1,9,L1,w,subscriber,U9P5 U9P10 U10P12 nextbookP12
B2.1,9,L1,w,format,U9P3 U9P8 U10P12 nextbookP12
B2.1,9,L1,w,turnaround,U9P4 U9P3 U10P12 nextbookP12
B2.1,9,L1,w,conference,U9P11 U9P8 U10P12 nextbookP12
B2.1,9,L1,w,style guide,U9P4 U9P8 U10P12 nextbookP12
B2.1,9,L1,w,house style,U9P5 U9P10 U10P12 nextbookP12
B2.1,9,L1,w,brief,U9P5 U9P3 U10P12 nextbookP12
B2.1,9,L1,c,a tight deadline,U9P8 U9P4 U10P12 nextbookP12
B2.1,9,L1,c,the top of the page,U9P8 U9P11 U10P12 nextbookP12
B2.1,9,L1,c,a late change,U9P4 U9P10 U10P12 nextbookP12
B2.1,9,L1,c,a final version,U9P5 U9P10 U10P12 nextbookP12
B2.1,9,L1,c,in good time,U9P11 U9P5 U10P12 nextbookP12
B2.1,9,L1,c,a house voice,U9P3 U9P5 U10P12 nextbookP12
B2.1,9,L1,c,a quiet week,U9P3 U9P4 U10P12 nextbookP12
B2.1,9,L1,c,the last word,U9P3 U9P11 U10P12 nextbookP12
B2.1,9,L1,c,a running order,U9P5 U9P3 U10P12 nextbookP12
B2.1,9,L1,c,filed on time,U9P10 U9P11 U10P12 nextbookP12
B2.1,9,L1,p,send through,U9P8 U9P10 U10P12 nextbookP12
B2.1,9,L1,p,turn around,U9P8 U9P11 U10P12 nextbookP12
B2.1,9,L1,p,sit on,U9P5 U9P11 U10P12 nextbookP12
B2.1,9,L1,f,we are going with it,U9P8 U9P5 U10P12 nextbookP12
B2.1,9,L1,f,that can wait,U9P4 U9P10 U10P12 nextbookP12
B2.1,9,L1,f,it will not make the cut,U9P11 U9P3 U10P12 nextbookP12
B2.1,9,L2,w,however,U9P11 U9P4 U10P12 nextbookP12
B2.1,9,L2,w,nevertheless,U9P10 U9P8 U10P12 nextbookP12
B2.1,9,L2,w,meanwhile,U9P8 U9P5 U10P12 nextbookP12
B2.1,9,L2,w,accordingly,U9P10 U9P11 U10P12 nextbookP12
B2.1,9,L2,w,hence,U9P5 U9P8 U10P12 nextbookP12
B2.1,9,L2,w,thereby,U9P4 U9P8 U10P12 nextbookP12
B2.1,9,L2,w,whereby,U9P4 U9P3 U10P12 nextbookP12
B2.1,9,L2,w,thereafter,U9P3 U9P8 U10P12 nextbookP12
B2.1,9,L2,c,in the first place,U9P3 U9P5 U10P12 nextbookP12
B2.1,9,L2,c,that said,U9P11 U9P10 U10P12 nextbookP12
B2.1,9,L2,c,for one thing,U9P4 U9P8 U10P12 nextbookP12
B2.1,9,L2,c,as it happens,U9P11 U9P3 U10P12 nextbookP12
B2.1,9,L2,c,to begin with,U9P4 U9P8 U10P12 nextbookP12
B2.1,9,L2,c,by contrast,U9P4 U9P11 U10P12 nextbookP12
B2.1,9,L2,c,in any case,U9P3 U9P8 U10P12 nextbookP12
B2.1,9,L2,c,on the other hand,U9P11 U9P4 U10P12 nextbookP12
B2.1,9,L2,p,move on,U9P3 U9P8 U10P12 nextbookP12
B2.1,9,L2,p,come back to,U9P11 U9P5 U10P12 nextbookP12
B2.1,9,L2,p,go on to,U9P11 U9P5 U10P12 nextbookP12
B2.1,9,L2,f,having said that,U9P11 U9P5 U10P12 nextbookP12
B2.1,9,L2,f,the point being,U9P8 U9P10 U10P12 nextbookP12
B2.1,9,L2,f,which brings me to,U9P4 U9P11 U10P12 nextbookP12
B2.1,10,L1,w,framing,U10P11 U10P5 nextbookP12 nextbookP12
B2.1,10,L1,w,headline,U10P8 U10P11 nextbookP12 nextbookP12
B2.1,10,L1,w,neighbourhood,U10P8 U10P10 nextbookP12 nextbookP12
B2.1,10,L1,w,gentrification,U10P10 U10P3 nextbookP12 nextbookP12
B2.1,10,L1,w,displacement,U10P4 U10P11 nextbookP12 nextbookP12
B2.1,10,L1,w,zoning,U10P3 U10P8 nextbookP12 nextbookP12
B2.1,10,L1,w,tenure,U10P3 U10P8 nextbookP12 nextbookP12
B2.1,10,L1,w,boundary,U10P10 U10P8 nextbookP12 nextbookP12
B2.1,10,L1,w,ward,U10P3 U10P8 nextbookP12 nextbookP12
B2.1,10,L1,w,demographic,U10P3 U10P4 nextbookP12 nextbookP12
B2.1,10,L1,w,stereotype,U10P5 U10P4 nextbookP12 nextbookP12
B2.1,10,L1,w,resident,U10P5 U10P10 nextbookP12 nextbookP12
B2.1,10,L1,c,the north end,U10P8 U10P3 nextbookP12 nextbookP12
B2.1,10,L1,c,a problem neighbourhood,U10P11 U10P3 nextbookP12 nextbookP12
B2.1,10,L1,c,long-term residents,U10P5 U10P10 nextbookP12 nextbookP12
B2.1,10,L1,c,the same six streets,U10P4 U10P3 nextbookP12 nextbookP12
B2.1,10,L1,c,named in the headline,U10P11 U10P10 nextbookP12 nextbookP12
B2.1,10,L1,c,a postcode in a headline,U10P10 U10P8 nextbookP12 nextbookP12
B2.1,10,L1,c,who is quoted,U10P3 U10P8 nextbookP12 nextbookP12
B2.1,10,L1,c,the first paragraph,U10P3 U10P8 nextbookP12 nextbookP12
B2.1,10,L1,c,an outsider's view,U10P5 U10P4 nextbookP12 nextbookP12
B2.1,10,L1,c,the local paper,U10P3 U10P10 nextbookP12 nextbookP12
B2.1,10,L1,p,move in,U10P11 U10P3 nextbookP12 nextbookP12
B2.1,10,L1,p,price out,U10P3 U10P4 nextbookP12 nextbookP12
B2.1,10,L1,p,build over,U10P5 U10P11 nextbookP12 nextbookP12
B2.1,10,L1,f,nobody from there was asked,U10P8 U10P3 nextbookP12 nextbookP12
B2.1,10,L1,f,that is not what it is called,U10P5 U10P10 nextbookP12 nextbookP12
B2.1,10,L1,f,whose city is this?,U10P8 U10P10 nextbookP12 nextbookP12
B2.1,10,L2,w,rarely,U10P4 U10P11 nextbookP12 nextbookP12
B2.1,10,L2,w,seldom,U10P3 U10P11 nextbookP12 nextbookP12
B2.1,10,L2,w,scarcely,U10P8 U10P10 nextbookP12 nextbookP12
B2.1,10,L2,w,hardly,U10P10 U10P4 nextbookP12 nextbookP12
B2.1,10,L2,w,nowhere,U10P5 U10P8 nextbookP12 nextbookP12
B2.1,10,L2,w,never,U10P10 U10P3 nextbookP12 nextbookP12
B2.1,10,L2,w,little,U10P4 U10P10 nextbookP12 nextbookP12
B2.1,10,L2,w,only,U10P5 U10P3 nextbookP12 nextbookP12
B2.1,10,L2,c,not only,U10P8 U10P5 nextbookP12 nextbookP12
B2.1,10,L2,c,no sooner,U10P4 U10P8 nextbookP12 nextbookP12
B2.1,10,L2,c,only then,U10P11 U10P4 nextbookP12 nextbookP12
B2.1,10,L2,c,at no point,U10P10 U10P11 nextbookP12 nextbookP12
B2.1,10,L2,c,under no circumstances,U10P5 U10P8 nextbookP12 nextbookP12
B2.1,10,L2,c,so rarely does,U10P8 U10P4 nextbookP12 nextbookP12
B2.1,10,L2,c,such was the,U10P10 U10P5 nextbookP12 nextbookP12
B2.1,10,L2,c,little did,U10P5 U10P10 nextbookP12 nextbookP12
B2.1,10,L2,p,set out,U10P11 U10P5 nextbookP12 nextbookP12
B2.1,10,L2,p,single out,U10P5 U10P10 nextbookP12 nextbookP12
B2.1,10,L2,p,point up,U10P4 U10P11 nextbookP12 nextbookP12
B2.1,10,L2,f,never before had,U10P11 U10P4 nextbookP12 nextbookP12
B2.1,10,L2,f,not once did,U10P4 U10P8 nextbookP12 nextbookP12
B2.1,10,L2,f,only when,U10P3 U10P8 nextbookP12 nextbookP12
B2.2,1,L1,w,appraisal,U1P4 U1P10 U2P12 U6P5
B2.2,1,L1,w,critique,U1P8 U1P5 U2P12 U7P2
B2.2,1,L1,w,reservation,U1P10 U1P5 U9P12 U10P10
B2.2,1,L1,w,caveat,U1P10 U1P3 U2P12 U10P10
B2.2,1,L1,w,commendation,U1P3 U1P4 U2P12 U8P9
B2.2,1,L1,w,shortcoming,U1P8 U1P10 U7P12 U9P10
B2.2,1,L1,w,candour,U1P5 U1P3 U3P12 U10P5
B2.2,1,L1,w,diplomacy,U1P5 U1P10 U5P12 U9P9
B2.2,1,L1,w,tact,U1P8 U1P5 U2P12 U6P2
B2.2,1,L1,w,rebuke,U1P3 U1P8 U7P12 U9P9
B2.2,1,L1,w,endorsement,U1P11 U1P8 U3P12 U5P10
B2.2,1,L1,w,misgiving,U1P5 U1P10 U8P12 U9P9
B2.2,1,L1,c,a frank exchange,U1P5 U1P10 U6P12 U8P2
B2.2,1,L1,c,with respect,U1P11 U1P8 U4P12 U6P5
B2.2,1,L1,c,a minor reservation,U1P4 U1P10 U2P12 U9P2
B2.2,1,L1,c,broadly speaking,U1P11 U1P8 U6P12 U7P2
B2.2,1,L1,c,on the whole,U1P11 U1P8 U8P12 U10P10
B2.2,1,L1,c,a fair point,U1P5 U1P11 U4P12 U5P10
B2.2,1,L1,c,less than ideal,U1P5 U1P3 U2P12 U9P5
B2.2,1,L1,c,not entirely convinced,U1P10 U1P5 U5P12 U10P5
B2.2,1,L1,c,a significant concern,U1P10 U1P11 U6P12 U7P5
B2.2,1,L1,c,the general feeling,U1P10 U1P8 U3P12 U4P9
B2.2,1,L1,p,tone down,U1P3 U1P4 U3P12 U9P9
B2.2,1,L1,p,build up,U1P4 U1P11 U3P12 U6P9
B2.2,1,L1,p,gloss over,U1P10 U1P8 U3P12 U7P2
B2.2,1,L1,f,if I may say so,U1P11 U1P4 U9P12 U10P5
B2.2,1,L1,f,I would go further than that,U1P4 U1P3 U3P12 U9P5
B2.2,1,L1,f,that is one way of putting it,U1P8 U1P11 U2P12 U3P2
B2.2,1,L2,w,somewhat,U1P4 U1P8 U6P12 U8P2
B2.2,1,L2,w,slightly,U1P8 U1P3 U8P12 U9P9
B2.2,1,L2,w,fairly,U1P11 U1P3 U6P12 U7P5
B2.2,1,L2,w,rather,U1P11 U1P8 U4P12 U8P2
B2.2,1,L2,w,considerably,U1P10 U1P5 U3P12 U8P5
B2.2,1,L2,w,markedly,U1P3 U1P11 U4P12 U7P5
B2.2,1,L2,w,decidedly,U1P10 U1P11 U8P12 U10P9
B2.2,1,L2,w,utterly,U1P3 U1P8 U6P12 U10P9
B2.2,1,L2,c,tends to be,U1P5 U1P11 U4P12 U10P5
B2.2,1,L2,c,has a tendency to,U1P8 U1P10 U6P12 U10P5
B2.2,1,L2,c,is inclined to,U1P10 U1P11 U4P12 U9P9
B2.2,1,L2,c,it would seem that,U1P8 U1P11 U2P12 U10P10
B2.2,1,L2,c,there is a case for,U1P8 U1P3 U5P12 U10P2
B2.2,1,L2,c,by some margin,U1P3 U1P4 U2P12 U5P2
B2.2,1,L2,c,to a degree,U1P8 U1P10 U5P12 U8P2
B2.2,1,L2,c,without question,U1P4 U1P10 U5P12 U6P5
B2.2,1,L2,p,play down,U1P8 U1P4 U3P12 U8P2
B2.2,1,L2,p,talk up,U1P11 U1P3 U4P12 U8P5
B2.2,1,L2,p,brush aside,U1P11 U1P10 U2P12 U5P5
B2.2,1,L2,f,I take your point,U1P3 U1P8 U2P12 U4P5
B2.2,1,L2,f,that may be so,U1P5 U1P3 U4P12 U6P5
B2.2,1,L2,f,it is not for me to say,U1P10 U1P4 U3P12 U8P9
B2.2,2,L1,w,consignment,U2P10 U2P4 U4P12 U7P9
B2.2,2,L1,w,procedure,U2P3 U2P4 U5P12 U8P2
B2.2,2,L1,w,authorisation,U2P3 U2P10 U4P12 U9P5
B2.2,2,L1,w,supervisor,U2P5 U2P3 U3P12 U4P2
B2.2,2,L1,w,record,U2P5 U2P11 U5P12 U9P5
B2.2,2,L1,w,negligence,U2P8 U2P4 U5P12 U8P2
B2.2,2,L1,w,breach,U2P11 U2P3 U6P12 U9P5
B2.2,2,L1,w,clearance,U2P8 U2P5 U5P12 U6P5
B2.2,2,L1,w,custody,U2P8 U2P11 U9P12 U10P5
B2.2,2,L1,w,liability,U2P3 U2P8 U5P12 U8P9
B2.2,2,L1,w,oversight,U2P8 U2P3 U7P12 U9P10
B2.2,2,L1,w,escalation,U2P8 U2P5 U3P12 U7P2
B2.2,2,L1,c,chain of custody,U2P8 U2P5 U4P12 U10P5
B2.2,2,L1,c,at some point,U2P8 U2P3 U9P12 U10P9
B2.2,2,L1,c,the goods were released,U2P4 U2P11 U3P12 U4P5
B2.2,2,L1,c,a procedural failure,U2P10 U2P5 U7P12 U10P5
B2.2,2,L1,c,the shift handover,U2P10 U2P4 U5P12 U8P9
B2.2,2,L1,c,standard operating procedure,U2P8 U2P3 U5P12 U7P5
B2.2,2,L1,c,on whose authority,U2P10 U2P11 U4P12 U8P9
B2.2,2,L1,c,signed off by,U2P4 U2P3 U6P12 U7P5
B2.2,2,L1,c,a near miss,U2P11 U2P10 U4P12 U8P10
B2.2,2,L1,c,root cause,U2P8 U2P3 U4P12 U10P9
B2.2,2,L1,p,sign off,U2P10 U2P4 U3P12 U10P5
B2.2,2,L1,p,hand over,U2P5 U2P11 U4P12 U7P9
B2.2,2,L1,p,flag up,U2P5 U2P10 U5P12 U9P2
B2.2,2,L1,f,it was authorised,U2P3 U2P5 U6P12 U9P10
B2.2,2,L1,f,nobody has been named,U2P8 U2P4 U5P12 U10P9
B2.2,2,L1,f,that is above my pay grade,U2P8 U2P5 U5P12 U8P9
B2.2,2,L2,w,inadvertently,U2P8 U2P11 U6P12 U8P2
B2.2,2,L2,w,routinely,U2P4 U2P8 U3P12 U8P2
B2.2,2,L2,w,systematically,U2P10 U2P5 U7P12 U9P5
B2.2,2,L2,w,unaccountably,U2P11 U2P3 U5P12 U10P2
B2.2,2,L2,w,belatedly,U2P3 U2P5 U3P12 U8P10
B2.2,2,L2,w,independently,U2P4 U2P3 U4P12 U7P9
B2.2,2,L2,w,formally,U2P3 U2P8 U4P12 U5P9
B2.2,2,L2,w,provisionally,U2P11 U2P3 U7P12 U10P2
B2.2,2,L2,c,it was decided,U2P8 U2P11 U7P12 U10P10
B2.2,2,L2,c,mistakes have been identified,U2P3 U2P11 U8P12 U9P9
B2.2,2,L2,c,action has been taken,U2P5 U2P3 U5P12 U9P10
B2.2,2,L2,c,a decision was taken,U2P10 U2P4 U5P12 U10P2
B2.2,2,L2,c,it is understood,U2P10 U2P3 U7P12 U8P10
B2.2,2,L2,c,steps are being taken,U2P11 U2P10 U3P12 U10P9
B2.2,2,L2,c,the matter is being reviewed,U2P11 U2P10 U7P12 U10P5
B2.2,2,L2,c,no individual has been identified,U2P5 U2P4 U4P12 U5P2
B2.2,2,L2,p,look into,U2P11 U2P5 U4P12 U6P10
B2.2,2,L2,p,follow up,U2P3 U2P11 U3P12 U6P10
B2.2,2,L2,p,put down to,U2P11 U2P3 U4P12 U10P9
B2.2,2,L2,f,lessons have been learned,U2P8 U2P10 U3P12 U5P2
B2.2,2,L2,f,an error occurred,U2P3 U2P10 U4P12 U6P2
B2.2,2,L2,f,we are unable to comment,U2P10 U2P4 U5P12 U7P5
B2.2,3,L1,w,delay,U3P3 U3P4 U8P12 U9P2
B2.2,3,L1,w,bottleneck,U3P10 U3P11 U5P12 U10P5
B2.2,3,L1,w,capacity,U3P5 U3P11 U4P12 U7P10
B2.2,3,L1,w,resilience,U3P5 U3P11 U4P12 U10P5
B2.2,3,L1,w,demand,U3P3 U3P10 U6P12 U7P5
B2.2,3,L1,w,backlog,U3P4 U3P11 U6P12 U8P5
B2.2,3,L1,w,breakdown,U3P11 U3P3 U5P12 U10P5
B2.2,3,L1,w,maintenance,U3P3 U3P4 U6P12 U7P10
B2.2,3,L1,w,inventory,U3P11 U3P5 U5P12 U9P2
B2.2,3,L1,w,layout,U3P10 U3P8 U8P12 U9P10
B2.2,3,L1,w,shortage,U3P3 U3P11 U5P12 U8P10
B2.2,3,L1,w,overload,U3P3 U3P4 U6P12 U9P10
B2.2,3,L1,c,a single point of failure,U3P8 U3P10 U4P12 U7P2
B2.2,3,L1,c,peak demand,U3P4 U3P8 U4P12 U5P2
B2.2,3,L1,c,spare capacity,U3P3 U3P4 U9P12 U10P2
B2.2,3,L1,c,lead time,U3P3 U3P8 U6P12 U9P5
B2.2,3,L1,c,the critical path,U3P11 U3P3 U4P12 U9P10
B2.2,3,L1,c,end to end,U3P4 U3P5 U6P12 U10P10
B2.2,3,L1,c,a service level,U3P5 U3P3 U9P12 U10P10
B2.2,3,L1,c,scheduled maintenance,U3P3 U3P8 U7P12 U10P5
B2.2,3,L1,c,turnaround time,U3P5 U3P11 U6P12 U9P10
B2.2,3,L1,c,design margin,U3P10 U3P3 U9P12 U10P2
B2.2,3,L1,p,scale back,U3P10 U3P5 U9P12 U10P2
B2.2,3,L1,p,build in,U3P4 U3P8 U4P12 U10P9
B2.2,3,L1,p,roll out,U3P3 U3P8 U5P12 U9P2
B2.2,3,L1,f,it depends on the volume,U3P5 U3P4 U8P12 U10P9
B2.2,3,L1,f,that is the constraint,U3P8 U3P10 U4P12 U5P10
B2.2,3,L1,f,there is no slack,U3P5 U3P3 U6P12 U7P9
B2.2,3,L2,w,service,U3P8 U3P5 U7P12 U9P5
B2.2,3,L2,w,handling,U3P5 U3P11 U7P12 U9P9
B2.2,3,L2,w,network,U3P11 U3P8 U7P12 U9P5
B2.2,3,L2,w,automation,U3P10 U3P3 U8P12 U9P5
B2.2,3,L2,w,deployment,U3P8 U3P11 U4P12 U8P10
B2.2,3,L2,w,integration,U3P11 U3P8 U5P12 U10P9
B2.2,3,L2,w,allocation,U3P5 U3P11 U7P12 U10P5
B2.2,3,L2,w,scheduling,U3P8 U3P5 U6P12 U7P10
B2.2,3,L2,c,a customer service department,U3P5 U3P4 U4P12 U9P5
B2.2,3,L2,c,a city transport network,U3P8 U3P4 U7P12 U10P10
B2.2,3,L2,c,a staff training programme,U3P5 U3P3 U4P12 U8P5
B2.2,3,L2,c,a food safety inspection,U3P5 U3P4 U4P12 U10P5
B2.2,3,L2,c,an emergency response plan,U3P8 U3P10 U7P12 U8P5
B2.2,3,L2,c,a data protection policy,U3P4 U3P8 U6P12 U10P2
B2.2,3,L2,c,a water supply system,U3P4 U3P8 U7P12 U10P2
B2.2,3,L2,c,a waste collection service,U3P5 U3P11 U7P12 U10P2
B2.2,3,L2,p,stack up,U3P4 U3P8 U8P12 U9P2
B2.2,3,L2,p,take up,U3P11 U3P5 U5P12 U9P9
B2.2,3,L2,p,set up,U3P8 U3P5 U6P12 U10P2
B2.2,3,L2,f,three nouns in a row,U3P8 U3P3 U4P12 U9P10
B2.2,3,L2,f,what modifies what,U3P10 U3P11 U6P12 U9P2
B2.2,3,L2,f,read it backwards,U3P11 U3P3 U6P12 U9P2
B2.2,4,L1,w,findings,U4P10 U4P8 U6P12 U7P9
B2.2,4,L1,w,methodology,U4P8 U4P11 U6P12 U10P2
B2.2,4,L1,w,sample,U4P3 U4P10 U7P12 U8P5
B2.2,4,L1,w,variable,U4P5 U4P3 U5P12 U10P10
B2.2,4,L1,w,hypothesis,U4P10 U4P8 U8P12 U10P9
B2.2,4,L1,w,corollary,U4P5 U4P8 U5P12 U6P5
B2.2,4,L1,w,audit,U4P11 U4P5 U5P12 U7P10
B2.2,4,L1,w,disclosure,U4P10 U4P11 U5P12 U6P5
B2.2,4,L1,w,valuation,U4P4 U4P11 U7P12 U9P10
B2.2,4,L1,w,budget,U4P4 U4P5 U8P12 U9P5
B2.2,4,L1,w,provision,U4P5 U4P10 U7P12 U9P2
B2.2,4,L1,w,estimate,U4P4 U4P3 U5P12 U9P5
B2.2,4,L1,c,the literature suggests,U4P8 U4P10 U9P12 U10P10
B2.2,4,L1,c,a control group,U4P3 U4P4 U5P12 U6P5
B2.2,4,L1,c,statistical power,U4P8 U4P4 U8P12 U10P2
B2.2,4,L1,c,the year ahead,U4P5 U4P10 U7P12 U10P5
B2.2,4,L1,c,a serious gap,U4P11 U4P5 U7P12 U9P5
B2.2,4,L1,c,the balance sheet,U4P4 U4P3 U5P12 U9P9
B2.2,4,L1,c,an audit trail,U4P3 U4P5 U6P12 U8P5
B2.2,4,L1,c,year end,U4P10 U4P3 U5P12 U10P10
B2.2,4,L1,c,a second opinion,U4P10 U4P5 U5P12 U9P9
B2.2,4,L1,c,the small print,U4P3 U4P11 U5P12 U10P9
B2.2,4,L1,p,draw on,U4P11 U4P3 U7P12 U10P2
B2.2,4,L1,p,set out,U4P10 U4P5 U7P12 U9P9
B2.2,4,L1,p,bear out,U4P3 U4P4 U9P12 U10P5
B2.2,4,L1,f,it should be noted that,U4P4 U4P3 U5P12 U10P10
B2.2,4,L1,f,for the avoidance of doubt,U4P10 U4P5 U7P12 U8P2
B2.2,4,L1,f,as set out below,U4P5 U4P8 U7P12 U10P5
B2.2,4,L2,w,thereof,U4P3 U4P10 U8P12 U9P9
B2.2,4,L2,w,herein,U4P8 U4P11 U5P12 U6P2
B2.2,4,L2,w,aforementioned,U4P5 U4P4 U6P12 U10P2
B2.2,4,L2,w,respective,U4P5 U4P11 U5P12 U10P10
B2.2,4,L2,w,pursuant,U4P8 U4P3 U7P12 U8P9
B2.2,4,L2,w,foregoing,U4P3 U4P11 U9P12 U10P2
B2.2,4,L2,w,hitherto,U4P11 U4P3 U7P12 U8P9
B2.2,4,L2,w,whereupon,U4P8 U4P5 U8P12 U9P9
B2.2,4,L2,c,having been,U4P4 U4P11 U7P12 U10P5
B2.2,4,L2,c,which is to say,U4P5 U4P8 U8P12 U9P5
B2.2,4,L2,c,the company owned by,U4P3 U4P11 U7P12 U8P10
B2.2,4,L2,c,a company registered in,U4P8 U4P4 U6P12 U7P10
B2.2,4,L2,c,those referred to above,U4P5 U4P3 U8P12 U10P5
B2.2,4,L2,c,as amended,U4P11 U4P8 U7P12 U10P2
B2.2,4,L2,c,in respect of,U4P5 U4P10 U5P12 U6P9
B2.2,4,L2,c,with reference to,U4P3 U4P10 U6P12 U9P10
B2.2,4,L2,p,refer to,U4P3 U4P4 U7P12 U8P9
B2.2,4,L2,p,relate to,U4P8 U4P11 U7P12 U10P10
B2.2,4,L2,p,derive from,U4P5 U4P3 U8P12 U10P9
B2.2,4,L2,f,the preceding paragraph,U4P4 U4P5 U5P12 U7P5
B2.2,4,L2,f,as noted above,U4P10 U4P3 U6P12 U10P2
B2.2,4,L2,f,see below,U4P10 U4P8 U5P12 U7P5
B2.2,5,L1,w,mandate,U5P8 U5P10 U6P12 U8P2
B2.2,5,L1,w,directive,U5P5 U5P8 U6P12 U8P10
B2.2,5,L1,w,stipulation,U5P5 U5P8 U6P12 U9P5
B2.2,5,L1,w,protocol,U5P3 U5P11 U6P12 U10P5
B2.2,5,L1,w,compliance,U5P4 U5P5 U7P12 U9P5
B2.2,5,L1,w,waiver,U5P10 U5P11 U6P12 U7P2
B2.2,5,L1,w,exemption,U5P11 U5P5 U6P12 U8P2
B2.2,5,L1,w,regulator,U5P11 U5P4 U7P12 U10P10
B2.2,5,L1,w,approval,U5P10 U5P11 U6P12 U10P2
B2.2,5,L1,w,accreditation,U5P3 U5P11 U7P12 U9P2
B2.2,5,L1,w,quorum,U5P10 U5P3 U8P12 U10P5
B2.2,5,L1,w,resolution,U5P8 U5P11 U6P12 U7P10
B2.2,5,L1,c,a formal requirement,U5P5 U5P11 U8P12 U9P10
B2.2,5,L1,c,the minimum standard,U5P4 U5P10 U6P12 U9P2
B2.2,5,L1,c,a binding undertaking,U5P10 U5P8 U6P12 U10P9
B2.2,5,L1,c,due process,U5P11 U5P3 U7P12 U10P2
B2.2,5,L1,c,the chair's ruling,U5P4 U5P10 U9P12 U10P10
B2.2,5,L1,c,a point of order,U5P10 U5P5 U8P12 U10P5
B2.2,5,L1,c,with immediate effect,U5P4 U5P3 U9P12 U10P5
B2.2,5,L1,c,subject to approval,U5P5 U5P3 U7P12 U8P9
B2.2,5,L1,c,in accordance with,U5P3 U5P4 U6P12 U10P10
B2.2,5,L1,c,an inspection regime,U5P11 U5P4 U6P12 U7P9
B2.2,5,L1,p,put forward,U5P3 U5P4 U7P12 U10P2
B2.2,5,L1,p,carry out,U5P10 U5P5 U6P12 U9P5
B2.2,5,L1,p,abide by,U5P8 U5P11 U6P12 U9P9
B2.2,5,L1,f,the chair rules that,U5P4 U5P3 U6P12 U7P2
B2.2,5,L1,f,I move that,U5P5 U5P3 U8P12 U10P2
B2.2,5,L1,f,be it resolved,U5P5 U5P10 U8P12 U10P2
B2.2,5,L2,w,essential,U5P4 U5P8 U6P12 U8P5
B2.2,5,L2,w,imperative,U5P11 U5P5 U6P12 U8P9
B2.2,5,L2,w,vital,U5P3 U5P10 U8P12 U9P9
B2.2,5,L2,w,requisite,U5P10 U5P11 U7P12 U9P9
B2.2,5,L2,w,mandatory,U5P4 U5P8 U8P12 U10P9
B2.2,5,L2,w,obligatory,U5P5 U5P10 U7P12 U10P2
B2.2,5,L2,w,advisable,U5P10 U5P5 U6P12 U9P5
B2.2,5,L2,w,desirable,U5P8 U5P5 U7P12 U8P5
B2.2,5,L2,c,it is essential that,U5P5 U5P10 U6P12 U7P10
B2.2,5,L2,c,it is imperative that,U5P5 U5P4 U7P12 U8P2
B2.2,5,L2,c,we recommend that,U5P3 U5P10 U9P12 U10P9
B2.2,5,L2,c,the regulation requires that,U5P5 U5P4 U9P12 U10P9
B2.2,5,L2,c,lest it be,U5P4 U5P5 U6P12 U9P2
B2.2,5,L2,c,were it to,U5P3 U5P8 U7P12 U8P5
B2.2,5,L2,c,should it prove,U5P10 U5P5 U8P12 U9P5
B2.2,5,L2,c,it is proposed that,U5P8 U5P5 U6P12 U10P5
B2.2,5,L2,p,insist on,U5P3 U5P5 U8P12 U9P10
B2.2,5,L2,p,call for,U5P5 U5P4 U7P12 U8P5
B2.2,5,L2,p,see to it,U5P3 U5P8 U8P12 U10P10
B2.2,5,L2,f,be that as it may,U5P8 U5P5 U8P12 U10P10
B2.2,5,L2,f,far be it from me,U5P5 U5P8 U8P12 U10P2
B2.2,5,L2,f,come what may,U5P3 U5P4 U7P12 U10P5
B2.2,6,L1,w,trade-off,U6P3 U6P4 U8P12 U10P2
B2.2,6,L1,w,externality,U6P4 U6P5 U8P12 U10P5
B2.2,6,L1,w,stewardship,U6P4 U6P8 U7P12 U9P5
B2.2,6,L1,w,mitigation,U6P8 U6P11 U7P12 U9P2
B2.2,6,L1,w,proportionality,U6P10 U6P3 U8P12 U9P5
B2.2,6,L1,w,precaution,U6P3 U6P4 U7P12 U8P2
B2.2,6,L1,w,remediation,U6P4 U6P8 U9P12 U10P2
B2.2,6,L1,w,welfare,U6P3 U6P4 U9P12 U10P5
B2.2,6,L1,w,dilemma,U6P11 U6P3 U8P12 U10P9
B2.2,6,L1,w,scrutiny,U6P4 U6P10 U7P12 U10P5
B2.2,6,L1,w,transparency,U6P5 U6P3 U9P12 U10P9
B2.2,6,L1,w,equity,U6P8 U6P11 U8P12 U10P9
B2.2,6,L1,c,a moral hazard,U6P8 U6P5 U8P12 U9P10
B2.2,6,L1,c,the lesser evil,U6P4 U6P10 U7P12 U8P5
B2.2,6,L1,c,on balance,U6P4 U6P5 U9P12 U10P9
B2.2,6,L1,c,a duty of care,U6P11 U6P3 U8P12 U9P5
B2.2,6,L1,c,an unintended consequence,U6P8 U6P10 U7P12 U8P9
B2.2,6,L1,c,the greater good,U6P4 U6P11 U9P12 U10P2
B2.2,6,L1,c,a hard choice,U6P3 U6P11 U9P12 U10P5
B2.2,6,L1,c,due regard,U6P3 U6P5 U7P12 U8P5
B2.2,6,L1,c,a legitimate interest,U6P4 U6P5 U7P12 U10P9
B2.2,6,L1,c,the human cost,U6P11 U6P4 U8P12 U9P10
B2.2,6,L1,p,weigh up,U6P3 U6P11 U8P12 U9P9
B2.2,6,L1,p,trade off,U6P10 U6P3 U8P12 U10P5
B2.2,6,L1,p,stand down,U6P3 U6P4 U8P12 U9P5
B2.2,6,L1,f,there is no good answer,U6P8 U6P11 U8P12 U9P5
B2.2,6,L1,f,both things are true,U6P3 U6P11 U8P12 U10P2
B2.2,6,L1,f,that is the price,U6P10 U6P4 U8P12 U9P10
B2.2,6,L2,w,albeit,U6P8 U6P5 U8P12 U9P10
B2.2,6,L2,w,whilst,U6P3 U6P10 U8P12 U9P10
B2.2,6,L2,w,granted,U6P3 U6P8 U7P12 U10P2
B2.2,6,L2,w,admittedly,U6P8 U6P11 U8P12 U10P2
B2.2,6,L2,w,nonetheless,U6P11 U6P8 U7P12 U8P10
B2.2,6,L2,w,conversely,U6P4 U6P8 U9P12 U10P5
B2.2,6,L2,w,regardless,U6P4 U6P11 U8P12 U9P2
B2.2,6,L2,w,even so,U6P11 U6P3 U8P12 U9P5
B2.2,6,L2,c,for all that,U6P5 U6P4 U7P12 U9P2
B2.2,6,L2,c,while it is true,U6P3 U6P8 U8P12 U9P9
B2.2,6,L2,c,to be fair,U6P5 U6P4 U7P12 U9P10
B2.2,6,L2,c,in fairness,U6P4 U6P11 U7P12 U9P10
B2.2,6,L2,c,at the same time,U6P4 U6P5 U9P12 U10P9
B2.2,6,L2,c,that may be,U6P4 U6P3 U7P12 U8P9
B2.2,6,L2,c,there is something in,U6P10 U6P11 U9P12 U10P2
B2.2,6,L2,c,I accept that,U6P4 U6P3 U8P12 U9P2
B2.2,6,L2,p,give way,U6P3 U6P5 U8P12 U9P9
B2.2,6,L2,p,back down,U6P10 U6P3 U7P12 U8P9
B2.2,6,L2,p,hold firm,U6P8 U6P4 U7P12 U10P5
B2.2,6,L2,f,up to a point,U6P5 U6P4 U7P12 U9P5
B2.2,6,L2,f,I will grant you that,U6P3 U6P5 U8P12 U10P9
B2.2,6,L2,f,that does not follow,U6P8 U6P10 U7P12 U10P10
B2.2,7,L1,w,interface,U7P10 U7P3 U8P12 U9P10
B2.2,7,L1,w,instruction,U7P8 U7P4 U8P12 U10P9
B2.2,7,L1,w,workflow,U7P11 U7P5 U8P12 U9P9
B2.2,7,L1,w,prompt,U7P3 U7P8 U8P12 U9P9
B2.2,7,L1,w,registration,U7P5 U7P4 U8P12 U10P9
B2.2,7,L1,w,friction,U7P10 U7P8 U8P12 U9P2
B2.2,7,L1,w,navigation,U7P11 U7P8 U8P12 U9P2
B2.2,7,L1,w,hierarchy,U7P11 U7P3 U8P12 U9P2
B2.2,7,L1,w,legibility,U7P8 U7P4 U8P12 U10P9
B2.2,7,L1,w,clarity,U7P5 U7P11 U8P12 U9P5
B2.2,7,L1,w,default,U7P11 U7P3 U8P12 U9P10
B2.2,7,L1,w,confirmation,U7P3 U7P10 U8P12 U10P9
B2.2,7,L1,c,a default setting,U7P4 U7P8 U8P12 U9P9
B2.2,7,L1,c,the critical action,U7P4 U7P10 U8P12 U9P10
B2.2,7,L1,c,step one of four,U7P4 U7P8 U8P12 U9P2
B2.2,7,L1,c,an error message,U7P3 U7P8 U8P12 U9P10
B2.2,7,L1,c,a confirmation screen,U7P8 U7P4 U8P12 U10P10
B2.2,7,L1,c,the primary button,U7P11 U7P3 U9P12 U10P5
B2.2,7,L1,c,a dead end,U7P3 U7P11 U8P12 U9P10
B2.2,7,L1,c,the usual route,U7P11 U7P8 U8P12 U9P10
B2.2,7,L1,c,a help message,U7P11 U7P5 U9P12 U10P10
B2.2,7,L1,c,the first time,U7P11 U7P5 U8P12 U10P9
B2.2,7,L1,p,walk through,U7P5 U7P8 U9P12 U10P10
B2.2,7,L1,p,click through,U7P5 U7P4 U8P12 U10P10
B2.2,7,L1,p,opt out,U7P11 U7P8 U9P12 U10P9
B2.2,7,L1,f,where do I click,U7P4 U7P5 U8P12 U10P2
B2.2,7,L1,f,what happens if I,U7P5 U7P10 U9P12 U10P5
B2.2,7,L1,f,nothing told me that,U7P8 U7P4 U8P12 U10P2
B2.2,7,L2,w,thus,U7P11 U7P4 U8P12 U10P5
B2.2,7,L2,w,henceforth,U7P5 U7P11 U8P12 U9P9
B2.2,7,L2,w,thereupon,U7P5 U7P10 U8P12 U9P9
B2.2,7,L2,w,first,U7P3 U7P10 U8P12 U10P2
B2.2,7,L2,w,foremost,U7P5 U7P10 U9P12 U10P9
B2.2,7,L2,w,last,U7P4 U7P3 U8P12 U10P5
B2.2,7,L2,w,worse,U7P3 U7P10 U8P12 U10P5
B2.2,7,L2,w,further,U7P4 U7P10 U8P12 U10P2
B2.2,7,L2,c,more important is,U7P8 U7P10 U8P12 U10P10
B2.2,7,L2,c,what matters most is,U7P4 U7P3 U8P12 U9P10
B2.2,7,L2,c,at the heart of it,U7P4 U7P10 U8P12 U9P2
B2.2,7,L2,c,central to this is,U7P4 U7P5 U8P12 U10P2
B2.2,7,L2,c,last of all,U7P11 U7P4 U8P12 U10P10
B2.2,7,L2,c,worse still,U7P3 U7P4 U9P12 U10P10
B2.2,7,L2,c,no less important,U7P4 U7P11 U8P12 U10P5
B2.2,7,L2,c,chief among them,U7P10 U7P8 U9P12 U10P2
B2.2,7,L2,p,lead with,U7P5 U7P4 U8P12 U10P10
B2.2,7,L2,p,end on,U7P8 U7P10 U8P12 U9P5
B2.2,7,L2,p,put off,U7P3 U7P10 U9P12 U10P5
B2.2,7,L2,f,first things first,U7P11 U7P5 U8P12 U9P9
B2.2,7,L2,f,last but not least,U7P4 U7P3 U8P12 U9P9
B2.2,7,L2,f,and finally,U7P10 U7P3 U8P12 U9P10
B2.2,8,L1,w,witness,U8P8 U8P11 U9P12 U10P9
B2.2,8,L1,w,testimony,U8P8 U8P5 U9P12 U10P10
B2.2,8,L1,w,account,U8P3 U8P5 U9P12 U10P10
B2.2,8,L1,w,transcript,U8P11 U8P8 U9P12 U10P10
B2.2,8,L1,w,hearsay,U8P3 U8P4 U9P12 U10P5
B2.2,8,L1,w,verbatim,U8P8 U8P11 U9P12 U10P10
B2.2,8,L1,w,summary,U8P8 U8P10 U9P12 U10P2
B2.2,8,L1,w,rebuttal,U8P11 U8P4 U9P12 U10P10
B2.2,8,L1,w,allegation,U8P10 U8P3 U9P12 U10P10
B2.2,8,L1,w,privilege,U8P4 U8P8 U9P12 U10P2
B2.2,8,L1,w,qualification,U8P8 U8P4 U9P12 U10P5
B2.2,8,L1,w,sourcing,U8P8 U8P11 U9P12 U10P5
B2.2,8,L1,c,a sworn statement,U8P11 U8P10 U9P12 U10P5
B2.2,8,L1,c,in open court,U8P11 U8P5 U9P12 U10P2
B2.2,8,L1,c,a contemporaneous note,U8P3 U8P11 U9P12 U10P2
B2.2,8,L1,c,the exact words,U8P4 U8P3 U9P12 U10P2
B2.2,8,L1,c,a direct quotation,U8P3 U8P4 U9P12 U10P2
B2.2,8,L1,c,an indirect quotation,U8P10 U8P11 U9P12 U10P9
B2.2,8,L1,c,as reported,U8P8 U8P5 U9P12 U10P5
B2.2,8,L1,c,the source of the claim,U8P5 U8P10 U9P12 U10P10
B2.2,8,L1,c,a form of words,U8P11 U8P3 U9P12 U10P2
B2.2,8,L1,c,the quoted passage,U8P4 U8P10 U9P12 U10P5
B2.2,8,L1,p,put to,U8P4 U8P11 U9P12 U10P5
B2.2,8,L1,p,go back on,U8P5 U8P11 U9P12 U10P5
B2.2,8,L1,p,stand by,U8P10 U8P3 U9P12 U10P9
B2.2,8,L1,f,words to that effect,U8P8 U8P11 U9P12 U10P10
B2.2,8,L1,f,she is alleged to have said,U8P11 U8P3 U9P12 U10P9
B2.2,8,L1,f,that is a paraphrase,U8P3 U8P5 U9P12 U10P5
B2.2,8,L2,w,claimed,U8P11 U8P10 U9P12 U10P5
B2.2,8,L2,w,conceded,U8P8 U8P10 U9P12 U10P9
B2.2,8,L2,w,maintained,U8P3 U8P10 U9P12 U10P2
B2.2,8,L2,w,asserted,U8P4 U8P3 U9P12 U10P2
B2.2,8,L2,w,insisted,U8P5 U8P8 U9P12 U10P10
B2.2,8,L2,w,denied,U8P3 U8P5 U9P12 U10P2
B2.2,8,L2,w,acknowledged,U8P3 U8P10 U9P12 U10P5
B2.2,8,L2,w,countered,U8P3 U8P8 U9P12 U10P5
B2.2,8,L2,c,is said to have,U8P11 U8P5 U9P12 U10P9
B2.2,8,L2,c,went on to say,U8P4 U8P10 U9P12 U10P10
B2.2,8,L2,c,declined to comment,U8P4 U8P11 U9P12 U10P10
B2.2,8,L2,c,was quoted as saying,U8P3 U8P10 U9P12 U10P5
B2.2,8,L2,c,stopped short of,U8P3 U8P10 U9P12 U10P2
B2.2,8,L2,c,would not be drawn,U8P3 U8P11 U9P12 U10P10
B2.2,8,L2,c,is understood to have,U8P4 U8P10 U9P12 U10P2
B2.2,8,L2,c,could not confirm,U8P11 U8P5 U9P12 U10P2
B2.2,8,L2,p,take back,U8P10 U8P3 U9P12 U10P10
B2.2,8,L2,p,rule on,U8P3 U8P10 U9P12 U10P2
B2.2,8,L2,p,hold to,U8P8 U8P4 U9P12 U10P10
B2.2,8,L2,f,according to the transcript,U8P5 U8P10 U9P12 U10P5
B2.2,8,L2,f,in his own words,U8P11 U8P8 U9P12 U10P10
B2.2,8,L2,f,no such claim was made,U8P11 U8P8 U9P12 U10P2
B2.2,9,L1,w,courtesy,U9P11 U9P3 U10P12 nextbookP12
B2.2,9,L1,w,deference,U9P10 U9P8 U10P12 nextbookP12
B2.2,9,L1,w,imposition,U9P10 U9P8 U10P12 nextbookP12
B2.2,9,L1,w,accommodation,U9P10 U9P5 U10P12 nextbookP12
B2.2,9,L1,w,discretion,U9P4 U9P10 U10P12 nextbookP12
B2.2,9,L1,w,goodwill,U9P11 U9P3 U10P12 nextbookP12
B2.2,9,L1,w,redress,U9P11 U9P3 U10P12 nextbookP12
B2.2,9,L1,w,latitude,U9P10 U9P11 U10P12 nextbookP12
B2.2,9,L1,w,grievance,U9P11 U9P8 U10P12 nextbookP12
B2.2,9,L1,w,forbearance,U9P5 U9P8 U10P12 nextbookP12
B2.2,9,L1,w,reciprocity,U9P8 U9P3 U10P12 nextbookP12
B2.2,9,L1,w,hospitality,U9P10 U9P4 U10P12 nextbookP12
B2.2,9,L1,c,at your convenience,U9P3 U9P10 U10P12 nextbookP12
B2.2,9,L1,c,a small favour,U9P8 U9P11 U10P12 nextbookP12
B2.2,9,L1,c,if it is no trouble,U9P8 U9P3 U10P12 nextbookP12
B2.2,9,L1,c,the usual channels,U9P5 U9P11 U10P12 nextbookP12
B2.2,9,L1,c,a goodwill gesture,U9P5 U9P8 U10P12 nextbookP12
B2.2,9,L1,c,within our discretion,U9P11 U9P5 U10P12 nextbookP12
B2.2,9,L1,c,a reasonable request,U9P5 U9P8 U10P12 nextbookP12
B2.2,9,L1,c,on this occasion,U9P11 U9P8 U10P12 nextbookP12
B2.2,9,L1,c,as a one-off,U9P11 U9P4 U10P12 nextbookP12
B2.2,9,L1,c,the standard terms,U9P11 U9P5 U10P12 nextbookP12
B2.2,9,L1,p,put out,U9P3 U9P5 U10P12 nextbookP12
B2.2,9,L1,p,let down,U9P5 U9P3 U10P12 nextbookP12
B2.2,9,L1,p,make up for,U9P11 U9P3 U10P12 nextbookP12
B2.2,9,L1,f,I am afraid not,U9P8 U9P11 U10P12 nextbookP12
B2.2,9,L1,f,would you mind terribly,U9P8 U9P10 U10P12 nextbookP12
B2.2,9,L1,f,that is very good of you,U9P10 U9P5 U10P12 nextbookP12
B2.2,9,L2,w,kindly,U9P4 U9P8 U10P12 nextbookP12
B2.2,9,L2,w,respectfully,U9P4 U9P11 U10P12 nextbookP12
B2.2,9,L2,w,regrettably,U9P10 U9P8 U10P12 nextbookP12
B2.2,9,L2,w,unfortunately,U9P10 U9P11 U10P12 nextbookP12
B2.2,9,L2,w,ideally,U9P4 U9P8 U10P12 nextbookP12
B2.2,9,L2,w,preferably,U9P5 U9P11 U10P12 nextbookP12
B2.2,9,L2,w,hopefully,U9P5 U9P11 U10P12 nextbookP12
B2.2,9,L2,w,necessarily,U9P4 U9P10 U10P12 nextbookP12
B2.2,9,L2,c,I was wondering whether,U9P10 U9P4 U10P12 nextbookP12
B2.2,9,L2,c,would it be possible to,U9P10 U9P8 U10P12 nextbookP12
B2.2,9,L2,c,I don't suppose,U9P10 U9P4 U10P12 nextbookP12
B2.2,9,L2,c,might I ask,U9P3 U9P11 U10P12 nextbookP12
B2.2,9,L2,c,if you could possibly,U9P11 U9P4 U10P12 nextbookP12
B2.2,9,L2,c,I was hoping you might,U9P11 U9P8 U10P12 nextbookP12
B2.2,9,L2,c,would you be able to,U9P4 U9P8 U10P12 nextbookP12
B2.2,9,L2,c,I wonder if you would,U9P8 U9P11 U10P12 nextbookP12
B2.2,9,L2,p,get back to,U9P10 U9P5 U10P12 nextbookP12
B2.2,9,L2,p,follow through,U9P10 U9P4 U10P12 nextbookP12
B2.2,9,L2,p,turn down,U9P4 U9P10 U10P12 nextbookP12
B2.2,9,L2,f,I would rather not,U9P11 U9P5 U10P12 nextbookP12
B2.2,9,L2,f,if it is all the same to you,U9P10 U9P5 U10P12 nextbookP12
B2.2,9,L2,f,I am not in a position to,U9P5 U9P4 U10P12 nextbookP12
B2.2,10,L1,w,incident,U10P10 U10P4 nextbookP12 nextbookP12
B2.2,10,L1,w,sequence,U10P11 U10P8 nextbookP12 nextbookP12
B2.2,10,L1,w,chronology,U10P5 U10P10 nextbookP12 nextbookP12
B2.2,10,L1,w,vantage,U10P10 U10P3 nextbookP12 nextbookP12
B2.2,10,L1,w,bystander,U10P3 U10P11 nextbookP12 nextbookP12
B2.2,10,L1,w,aftermath,U10P10 U10P8 nextbookP12 nextbookP12
B2.2,10,L1,w,lull,U10P11 U10P4 nextbookP12 nextbookP12
B2.2,10,L1,w,onset,U10P8 U10P11 nextbookP12 nextbookP12
B2.2,10,L1,w,duration,U10P8 U10P10 nextbookP12 nextbookP12
B2.2,10,L1,w,simultaneity,U10P4 U10P10 nextbookP12 nextbookP12
B2.2,10,L1,w,foreground,U10P4 U10P11 nextbookP12 nextbookP12
B2.2,10,L1,w,background,U10P10 U10P3 nextbookP12 nextbookP12
B2.2,10,L1,c,the moment it happened,U10P3 U10P10 nextbookP12 nextbookP12
B2.2,10,L1,c,in the minutes before,U10P5 U10P4 nextbookP12 nextbookP12
B2.2,10,L1,c,by the time,U10P10 U10P3 nextbookP12 nextbookP12
B2.2,10,L1,c,at that point,U10P8 U10P10 nextbookP12 nextbookP12
B2.2,10,L1,c,for some time,U10P3 U10P4 nextbookP12 nextbookP12
B2.2,10,L1,c,all the while,U10P11 U10P10 nextbookP12 nextbookP12
B2.2,10,L1,c,just as,U10P5 U10P3 nextbookP12 nextbookP12
B2.2,10,L1,c,the whole time,U10P8 U10P4 nextbookP12 nextbookP12
B2.2,10,L1,c,in the aftermath,U10P8 U10P4 nextbookP12 nextbookP12
B2.2,10,L1,c,a matter of seconds,U10P8 U10P5 nextbookP12 nextbookP12
B2.2,10,L1,p,look on,U10P5 U10P3 nextbookP12 nextbookP12
B2.2,10,L1,p,carry on,U10P10 U10P5 nextbookP12 nextbookP12
B2.2,10,L1,p,break off,U10P3 U10P8 nextbookP12 nextbookP12
B2.2,10,L1,f,it all happened at once,U10P5 U10P4 nextbookP12 nextbookP12
B2.2,10,L1,f,nobody moved,U10P10 U10P8 nextbookP12 nextbookP12
B2.2,10,L1,f,and then it stopped,U10P5 U10P10 nextbookP12 nextbookP12
B2.2,10,L2,w,suddenly,U10P5 U10P4 nextbookP12 nextbookP12
B2.2,10,L2,w,gradually,U10P5 U10P10 nextbookP12 nextbookP12
B2.2,10,L2,w,abruptly,U10P5 U10P3 nextbookP12 nextbookP12
B2.2,10,L2,w,steadily,U10P10 U10P11 nextbookP12 nextbookP12
B2.2,10,L2,w,momentarily,U10P3 U10P8 nextbookP12 nextbookP12
B2.2,10,L2,w,repeatedly,U10P4 U10P5 nextbookP12 nextbookP12
B2.2,10,L2,w,continually,U10P8 U10P3 nextbookP12 nextbookP12
B2.2,10,L2,w,instantly,U10P3 U10P4 nextbookP12 nextbookP12
B2.2,10,L2,c,was in the middle of,U10P8 U10P4 nextbookP12 nextbookP12
B2.2,10,L2,c,had just,U10P3 U10P8 nextbookP12 nextbookP12
B2.2,10,L2,c,was still,U10P11 U10P4 nextbookP12 nextbookP12
B2.2,10,L2,c,kept on,U10P4 U10P8 nextbookP12 nextbookP12
B2.2,10,L2,c,would always,U10P8 U10P5 nextbookP12 nextbookP12
B2.2,10,L2,c,used to,U10P5 U10P4 nextbookP12 nextbookP12
B2.2,10,L2,c,had been,U10P4 U10P10 nextbookP12 nextbookP12
B2.2,10,L2,c,as it was happening,U10P3 U10P5 nextbookP12 nextbookP12
B2.2,10,L2,p,go on,U10P3 U10P11 nextbookP12 nextbookP12
B2.2,10,L2,p,come to,U10P11 U10P5 nextbookP12 nextbookP12
B2.2,10,L2,p,set in,U10P8 U10P3 nextbookP12 nextbookP12
B2.2,10,L2,f,for a moment nothing,U10P3 U10P11 nextbookP12 nextbookP12
B2.2,10,L2,f,and that was that,U10P4 U10P10 nextbookP12 nextbookP12
B2.2,10,L2,f,by then it was over,U10P4 U10P8 nextbookP12 nextbookP12
